Year,Recipient,Value (SOMME)
2000,Afghanistan,5993.57
2000,"Africa, regional",26347.1
2000,"Africa, Total",659053.28
2000,Albania,14609.08
2000,Algeria,42.97
2000,"America, regional",93.62
2000,"America, Total",7475.47
2000,Angola,12896.14
2000,Anguilla,999.21
2000,Antigua and Barbuda,205.42
2000,Argentina,48.47
2000,Armenia,9849.22
2000,"Asia, regional",9249.68
2000,"Asia, Total",512369.6
2000,Azerbaijan,121.14
2000,Bahrain,93.1
2000,Bangladesh,31345.95
2000,Barbados,149.71
2000,Belize,895.98
2000,Benin,10794.29
2000,Bhutan,161.33
2000,Bolivia,822.84
2000,Bosnia and Herzegovina,29844.57
2000,Botswana,61.44
2000,Brazil,334.77
2000,Burkina Faso,205.46
2000,Burundi,4648.52
2000,Cabo Verde,220.17
2000,Cambodia,453.61
2000,Cameroon,11465.19
2000,"Caribbean & Central America, regional",9429.87
2000,Central African Republic,67.62
2000,"Central Asia, regional",170.24
2000,Chad,192.06
2000,Chile,2025.06
2000,China (People's Republic of),48501.77
2000,Colombia,772.69
2000,Comoros,987.3
2000,Congo,1589.79
2000,Cook Islands,56.56
2000,Costa Rica,107.1
2000,Côte d'Ivoire,1242.94
2000,Croatia,2803.42
2000,Cuba,1873.85
2000,Democratic People's Republic of Korea,1264.43
2000,Democratic Republic of the Congo,7459.78
2000,"Developing Countries, Total",1939574.27
2000,"Developing countries, unspecified",6915.77
2000,Djibouti,109.55
2000,Dominica,1304.01
2000,Dominican Republic,111.59
2000,East African Community,0
2000,Ecuador,6014.47
2000,Egypt,1762.49
2000,El Salvador,326.25
2000,Equatorial Guinea,945.29
2000,Eritrea,256.67
2000,Eswatini,51.09
2000,Ethiopia,4168.7
2000,"Europe, regional",14658.78
2000,"Europe, Total",152764.72
2000,"Far East Asia, regional",131.38
2000,"Far East Asia, Total",18464.84
2000,Fiji,40.42
2000,Gabon,1214.36
2000,Gambia,31.86
2000,Georgia,170.56
2000,Ghana,24255.17
2000,Grenada,17.65
2000,Guatemala,9216.2
2000,Guinea,5387.9
2000,Guinea-Bissau,68.05
2000,Guyana,2937.35
2000,Haiti,6823.69
2000,Honduras,1339.42
2000,India,55673.26
2000,Indonesia,3707.29
2000,Indus Basin,0
2000,Iran,5018.87
2000,Iraq,4005.63
2000,Jamaica,1430.42
2000,Jordan,19216.02
2000,Kazakhstan,6000.52
2000,Kenya,2787.39
2000,Kiribati,79.74
2000,Kosovo,0
2000,Kyrgyzstan,274.29
2000,Lao People's Democratic Republic,288.96
2000,Lebanon,8025.86
2000,Lesotho,20.04
2000,Liberia,3332.02
2000,Madagascar,16612.68
2000,Malawi,581.29
2000,Malaysia,58.25
2000,Maldives,17.89
2000,Mali,8853.88
2000,Malta,893.31
2000,Marshall Islands,1403.5
2000,Mauritania,594.59
2000,Mauritius,8.48
2000,Mayotte,3640.43
2000,Mexico,527.93
2000,Micronesia,2547.77
2000,"Middle East, regional",6136.46
2000,"Middle East, Total",4051.07
2000,Moldova,5657.12
2000,Mongolia,6846.65
2000,Montenegro,0
2000,Montserrat,883.03
2000,Morocco,18256.37
2000,Mozambique,38226.33
2000,Myanmar,4061.73
2000,Namibia,5334.93
2000,Nauru,123.11
2000,Nepal,12726.09
2000,Nicaragua,20783.24
2000,Niger,9863.84
2000,Nigeria,53.13
2000,Niue,119.53
2000,"North & Central America, Total",3128.83
2000,North Macedonia,11009.6
2000,"North of Sahara, regional",25.27
2000,"North of Sahara, Total",84661.59
2000,"Oceania, regional",1526.39
2000,"Oceania, Total",352.09
2000,Oman,1888.42
2000,Pakistan,15976.09
2000,Palau,1755.66
2000,Panama,1167.46
2000,Papua New Guinea,6425.09
2000,Paraguay,123.21
2000,Peru,13010.23
2000,Philippines,1010.6
2000,Rwanda,13949.32
2000,Saint Helena,8579.04
2000,Saint Kitts and Nevis,122.05
2000,Saint Lucia,635.38
2000,Saint Vincent and the Grenadines,17.37
2000,Samoa,608.31
2000,Sao Tome and Principe,60.97
2000,Saudi Arabia,735.29
2000,Senegal,19091.23
2000,Serbia,46315.65
2000,Seychelles,1830.17
2000,Sierra Leone,6727.43
2000,Slovenia,2876.36
2000,Solomon Islands,1354.64
2000,Somalia,157.34
2000,"South & Central Asia, regional",442.71
2000,"South & Central Asia, Total",9842.05
2000,South Africa,18195.35
2000,"South America, regional",1600.08
2000,"South America, Total",71191.58
2000,"South Asia, regional",0
2000,"South of Sahara, regional",14021.8
2000,"South of Sahara, Total",545028.89
2000,Sri Lanka,8548.49
2000,States Ex-Yugoslavia unspecified,11624.71
2000,Sudan,8142.79
2000,Suriname,1381.51
2000,Syrian Arab Republic,5557.11
2000,Tajikistan,5671.46
2000,Tanzania,735.72
2000,Thailand,794.18
2000,Timor-Leste,9551.29
2000,Togo,2191.97
2000,Tokelau,101.56
2000,Tonga,585.08
2000,Trinidad and Tobago,42.01
2000,Tunisia,9742.17
2000,Turkey,14882.87
2000,Turkmenistan,56.22
2000,Turks and Caicos Islands,8.16
2000,Tuvalu,161.21
2000,Uganda,36353.91
2000,Uruguay,43.97
2000,Uzbekistan,114.15
2000,Vanuatu,916.18
2000,Venezuela,3201.55
2000,Viet Nam,39817.1
2000,Wallis and Futuna,1682.5
2000,West Bank and Gaza Strip,22015
2000,Yemen,403.46
2000,Zambia,36685.89
2000,Zimbabwe,6225.37
2001,Afghanistan,16954.85
2001,"Africa, regional",14262.45
2001,"Africa, Total",737529.16
2001,Albania,11601.43
2001,Algeria,52.32
2001,"America, regional",122.99
2001,"America, Total",8744.27
2001,Angola,11616.18
2001,Anguilla,951.98
2001,Antigua and Barbuda,164.71
2001,Argentina,253.75
2001,Armenia,9836.38
2001,"Asia, regional",12938.88
2001,"Asia, Total",559775.8
2001,Azerbaijan,131.22
2001,Bahrain,234.91
2001,Bangladesh,31215.23
2001,Barbados,57.01
2001,Belize,1206.11
2001,Benin,13207.45
2001,Bhutan,191.52
2001,Bolivia,1445.98
2001,Bosnia and Herzegovina,26431.05
2001,Botswana,52.86
2001,Brazil,291.72
2001,Burkina Faso,1705.51
2001,Burundi,6149.48
2001,Cabo Verde,191.69
2001,Cambodia,482.89
2001,Cameroon,12868.93
2001,"Caribbean & Central America, regional",4184.31
2001,Central African Republic,103.51
2001,"Central Asia, regional",175.68
2001,Chad,292.52
2001,Chile,2524.94
2001,China (People's Republic of),43216.42
2001,Colombia,1503.98
2001,Comoros,1487.83
2001,Congo,4224.57
2001,Cook Islands,74.53
2001,Costa Rica,63.47
2001,Côte d'Ivoire,563.69
2001,Croatia,4622.09
2001,Cuba,2282.27
2001,Democratic People's Republic of Korea,2346.08
2001,Democratic Republic of the Congo,10409.97
2001,"Developing Countries, Total",2123474.64
2001,"Developing countries, unspecified",7229.28
2001,Djibouti,87.67
2001,Dominica,1781.94
2001,Dominican Republic,211.31
2001,East African Community,0
2001,Ecuador,6679.83
2001,Egypt,1775.61
2001,El Salvador,436.47
2001,Equatorial Guinea,615.05
2001,Eritrea,432.05
2001,Eswatini,112.95
2001,Ethiopia,6700.86
2001,"Europe, regional",8977.93
2001,"Europe, Total",134733.12
2001,"Far East Asia, regional",66.91
2001,"Far East Asia, Total",16112.34
2001,Fiji,36.22
2001,Gabon,1234.62
2001,Gambia,64.37
2001,Georgia,222.23
2001,Ghana,26368.02
2001,Grenada,25.88
2001,Guatemala,8139.24
2001,Guinea,9066.94
2001,Guinea-Bissau,45.8
2001,Guyana,2884.57
2001,Haiti,6329.42
2001,Honduras,1880.77
2001,India,69427.53
2001,Indonesia,3204.82
2001,Indus Basin,0
2001,Iran,4748.47
2001,Iraq,4861.35
2001,Jamaica,2890.47
2001,Jordan,17071.02
2001,Kazakhstan,5289.77
2001,Kenya,2595.77
2001,Kiribati,69.69
2001,Kosovo,0
2001,Kyrgyzstan,213.24
2001,Lao People's Democratic Republic,303.65
2001,Lebanon,7629.5
2001,Lesotho,56.59
2001,Liberia,1884.06
2001,Madagascar,19099.81
2001,Malawi,600.44
2001,Malaysia,38.68
2001,Maldives,24.74
2001,Mali,10842.07
2001,Malta,113.63
2001,Marshall Islands,1978.83
2001,Mauritania,733.96
2001,Mauritius,13.77
2001,Mayotte,4290.75
2001,Mexico,4853.61
2001,Micronesia,3533.39
2001,"Middle East, regional",1477.73
2001,"Middle East, Total",4529.74
2001,Moldova,5066.33
2001,Mongolia,7533.26
2001,Montenegro,0
2001,Montserrat,984.15
2001,Morocco,20229.2
2001,Mozambique,35984.92
2001,Myanmar,4614.95
2001,Namibia,3915.04
2001,Nauru,296.12
2001,Nepal,14039.04
2001,Nicaragua,34557.07
2001,Niger,12174.33
2001,Nigeria,69.02
2001,Niue,132.41
2001,"North & Central America, Total",3156.66
2001,North Macedonia,10015.48
2001,"North of Sahara, regional",18.47
2001,"North of Sahara, Total",91906.45
2001,"Oceania, regional",1592.93
2001,"Oceania, Total",400.65
2001,Oman,367.03
2001,Pakistan,48679.08
2001,Palau,1949.58
2001,Panama,1420.91
2001,Papua New Guinea,5189.87
2001,Paraguay,101.97
2001,Peru,15688.67
2001,Philippines,1068.22
2001,Rwanda,14424.39
2001,Saint Helena,7027.9
2001,Saint Kitts and Nevis,301.63
2001,Saint Lucia,1027.07
2001,Saint Vincent and the Grenadines,73.68
2001,Samoa,885.31
2001,Sao Tome and Principe,43.92
2001,Saudi Arabia,481.1
2001,Senegal,20617.46
2001,Serbia,50320.87
2001,Seychelles,1011.87
2001,Sierra Leone,12546.39
2001,Slovenia,5781.34
2001,Solomon Islands,1425.36
2001,Somalia,209.8
2001,"South & Central Asia, regional",142.58
2001,"South & Central Asia, Total",13427.76
2001,South Africa,15932.44
2001,"South America, regional",218.53
2001,"South America, Total",81804.63
2001,"South Asia, regional",0
2001,"South of Sahara, regional",27120.6
2001,"South of Sahara, Total",625808.51
2001,Sri Lanka,10037.03
2001,States Ex-Yugoslavia unspecified,5594.11
2001,Sudan,8206.68
2001,Suriname,991.23
2001,Syrian Arab Republic,5386.88
2001,Tajikistan,7896.6
2001,Tanzania,717.18
2001,Thailand,381.48
2001,Timor-Leste,8435.73
2001,Togo,1671.69
2001,Tokelau,117.8
2001,Tonga,724.52
2001,Trinidad and Tobago,-182.86
2001,Tunisia,15816.11
2001,Turkey,8471.06
2001,Turkmenistan,86.31
2001,Turks and Caicos Islands,10.54
2001,Tuvalu,240.05
2001,Uganda,40282.76
2001,Uruguay,36.96
2001,Uzbekistan,121.38
2001,Vanuatu,814.5
2001,Venezuela,1931.55
2001,Viet Nam,36300.11
2001,Wallis and Futuna,1631.54
2001,West Bank and Gaza Strip,30249.22
2001,Yemen,858.38
2001,Zambia,27139.73
2001,Zimbabwe,6066.29
2002,Afghanistan,45923.62
2002,"Africa, regional",17705.66
2002,"Africa, Total",905263.2
2002,Albania,13926.1
2002,Algeria,45.44
2002,"America, regional",123.98
2002,"America, Total",7512.24
2002,Angola,16091.36
2002,Anguilla,229.9
2002,Antigua and Barbuda,252.9
2002,Argentina,50.32
2002,Armenia,13074.57
2002,"Asia, regional",36646.58
2002,"Asia, Total",610420.59
2002,Azerbaijan,183.92
2002,Bahrain,100.83
2002,Bangladesh,26403.49
2002,Barbados,287.13
2002,Belize,1372.27
2002,Benin,9490.07
2002,Bhutan,180.12
2002,Bolivia,1191.32
2002,Bosnia and Herzegovina,23483.73
2002,Botswana,53.47
2002,Brazil,323.59
2002,Burkina Faso,1788.15
2002,Burundi,7530.63
2002,Cabo Verde,283.57
2002,Cambodia,492.43
2002,Cameroon,15798.61
2002,"Caribbean & Central America, regional",4284.26
2002,Central African Republic,80.99
2002,"Central Asia, regional",172
2002,Chad,365
2002,Chile,453.02
2002,China (People's Republic of),42560.06
2002,Colombia,1699.24
2002,Comoros,1488.54
2002,Congo,2656.98
2002,Cook Islands,42.08
2002,Costa Rica,62.37
2002,Côte d'Ivoire,3113.69
2002,Croatia,5125.29
2002,Cuba,2401.95
2002,Democratic People's Republic of Korea,5412.41
2002,Democratic Republic of the Congo,37915.61
2002,"Developing Countries, Total",2472888.02
2002,"Developing countries, unspecified",8545.25
2002,Djibouti,105.97
2002,Dominica,2488.02
2002,Dominican Republic,196.72
2002,East African Community,0
2002,Ecuador,8642.31
2002,Egypt,1797.66
2002,El Salvador,398.5
2002,Equatorial Guinea,809.16
2002,Eritrea,320.96
2002,Eswatini,72.73
2002,Ethiopia,7772.47
2002,"Europe, regional",14078.69
2002,"Europe, Total",198113.39
2002,"Far East Asia, regional",81.59
2002,"Far East Asia, Total",15029.09
2002,Fiji,35.97
2002,Gabon,3275.08
2002,Gambia,62.76
2002,Georgia,263.87
2002,Ghana,24790.18
2002,Grenada,30.16
2002,Guatemala,9430.88
2002,Guinea,8063.66
2002,Guinea-Bissau,47.16
2002,Guyana,2181.55
2002,Haiti,5650.51
2002,Honduras,1230.08
2002,India,67837.8
2002,Indonesia,3091.45
2002,Indus Basin,0
2002,Iran,4828.07
2002,Iraq,4315.01
2002,Jamaica,1703.1
2002,Jordan,19616.23
2002,Kazakhstan,6782.46
2002,Kenya,1976.17
2002,Kiribati,100.1
2002,Kosovo,0
2002,Kyrgyzstan,186.1
2002,Lao People's Democratic Republic,350.47
2002,Lebanon,8013.68
2002,Lesotho,78.64
2002,Liberia,2619.85
2002,Madagascar,19436.96
2002,Malawi,481.28
2002,Malaysia,96.34
2002,Maldives,30.31
2002,Mali,12942.29
2002,Malta,537.83
2002,Marshall Islands,1620.9
2002,Mauritania,787.74
2002,Mauritius,9.11
2002,Mayotte,4260.54
2002,Mexico,5744.31
2002,Micronesia,2870.4
2002,"Middle East, regional",6868.45
2002,"Middle East, Total",4413.18
2002,Moldova,6219.97
2002,Mongolia,7080.59
2002,Montenegro,0
2002,Montserrat,1000.31
2002,Morocco,15161.04
2002,Mozambique,78241.21
2002,Myanmar,4577.6
2002,Namibia,4712.37
2002,Nauru,436.44
2002,Nepal,12414.41
2002,Nicaragua,16980.22
2002,Niger,13492.8
2002,Nigeria,136.64
2002,Niue,162.78
2002,"North & Central America, Total",2797.03
2002,North Macedonia,10756.94
2002,"North of Sahara, regional",8.46
2002,"North of Sahara, Total",78292.5
2002,"Oceania, regional",1041.94
2002,"Oceania, Total",331.45
2002,Oman,1777.73
2002,Pakistan,56013.41
2002,Palau,1538.04
2002,Panama,1167.18
2002,Papua New Guinea,4918.55
2002,Paraguay,108.51
2002,Peru,15806.13
2002,Philippines,1029.19
2002,Rwanda,16018.64
2002,Saint Helena,5699.54
2002,Saint Kitts and Nevis,802.22
2002,Saint Lucia,2182.68
2002,Saint Vincent and the Grenadines,40.04
2002,Samoa,891.05
2002,Sao Tome and Principe,24.21
2002,Saudi Arabia,577.81
2002,Senegal,20573.46
2002,Serbia,80754.53
2002,Seychelles,4154.68
2002,Sierra Leone,14237.68
2002,Slovenia,2187.5
2002,Solomon Islands,944.65
2002,Somalia,199.17
2002,"South & Central Asia, regional",384.8
2002,"South & Central Asia, Total",15497.08
2002,South Africa,18185.1
2002,"South America, regional",110.27
2002,"South America, Total",77374.91
2002,"South Asia, regional",0
2002,"South of Sahara, regional",33619.79
2002,"South of Sahara, Total",802134.58
2002,Sri Lanka,9642.9
2002,States Ex-Yugoslavia unspecified,32882.5
2002,Sudan,11939.76
2002,Suriname,550.03
2002,Syrian Arab Republic,3111.1
2002,Tajikistan,6132.04
2002,Tanzania,876.92
2002,Thailand,375.75
2002,Timor-Leste,8948.76
2002,Togo,1633.3
2002,Tokelau,130.53
2002,Tonga,691.58
2002,Trinidad and Tobago,-253.82
2002,Tunisia,9120.5
2002,Turkey,11245.87
2002,Turkmenistan,53.52
2002,Turks and Caicos Islands,7.27
2002,Tuvalu,342.7
2002,Uganda,30513.39
2002,Uruguay,42.02
2002,Uzbekistan,133.24
2002,Vanuatu,728.68
2002,Venezuela,2278.98
2002,Viet Nam,31009.89
2002,Wallis and Futuna,1638.65
2002,West Bank and Gaza Strip,32912.76
2002,Yemen,404.39
2002,Zambia,36471.46
2002,Zimbabwe,7381.01
2003,Afghanistan,51772.51
2003,"Africa, regional",16892.67
2003,"Africa, Total",1028163.39
2003,Albania,13868.61
2003,Algeria,32.48
2003,"America, regional",207.21
2003,"America, Total",8168.96
2003,Angola,17424.89
2003,Anguilla,932.59
2003,Antigua and Barbuda,101.41
2003,Argentina,53.65
2003,Armenia,11143.06
2003,"Asia, regional",9439.4
2003,"Asia, Total",657655
2003,Azerbaijan,178.81
2003,Bahrain,287.47
2003,Bangladesh,37421.98
2003,Barbados,1159.56
2003,Belize,665.59
2003,Benin,11590.77
2003,Bhutan,196.26
2003,Bolivia,1628.25
2003,Bosnia and Herzegovina,19682.8
2003,Botswana,44.19
2003,Brazil,259.59
2003,Burkina Faso,2041.8
2003,Burundi,9112.44
2003,Cabo Verde,352.45
2003,Cambodia,510.14
2003,Cameroon,17258.47
2003,"Caribbean & Central America, regional",5748.01
2003,Central African Republic,78.12
2003,"Central Asia, regional",10.08
2003,Chad,364.6
2003,Chile,2918.34
2003,China (People's Republic of),37921.54
2003,Colombia,2929.98
2003,Comoros,1200.19
2003,Congo,3281.11
2003,Cook Islands,54.1
2003,Costa Rica,121.06
2003,Côte d'Ivoire,735.38
2003,Croatia,4462.22
2003,Cuba,2890.15
2003,Democratic People's Republic of Korea,2245.84
2003,Democratic Republic of the Congo,122149.64
2003,"Developing Countries, Total",2605092.95
2003,"Developing countries, unspecified",10389.3
2003,Djibouti,88.19
2003,Dominica,1029.45
2003,Dominican Republic,134.85
2003,East African Community,0
2003,Ecuador,7070.32
2003,Egypt,1366.81
2003,El Salvador,258.5
2003,Equatorial Guinea,716.54
2003,Eritrea,388.3
2003,Eswatini,94
2003,Ethiopia,9204.44
2003,"Europe, regional",18060.32
2003,"Europe, Total",127918.7
2003,"Far East Asia, regional",147.1
2003,"Far East Asia, Total",12617.58
2003,Fiji,46.34
2003,Gabon,1213.33
2003,Gambia,79.66
2003,Georgia,234.15
2003,Ghana,34812.98
2003,Grenada,7.27
2003,Guatemala,8841.72
2003,Guinea,7744.3
2003,Guinea-Bissau,80.31
2003,Guyana,2780.82
2003,Haiti,6702.93
2003,Honduras,1071.51
2003,India,32870.79
2003,Indonesia,3803.44
2003,Indus Basin,0
2003,Iran,4917.22
2003,Iraq,74270.17
2003,Jamaica,779.08
2003,Jordan,39227.71
2003,Kazakhstan,9371.57
2003,Kenya,2395.16
2003,Kiribati,87.26
2003,Kosovo,0
2003,Kyrgyzstan,180.6
2003,Lao People's Democratic Republic,345.15
2003,Lebanon,18217.94
2003,Lesotho,55.26
2003,Liberia,4279.33
2003,Madagascar,25141.93
2003,Malawi,503.26
2003,Malaysia,122.49
2003,Maldives,29.92
2003,Mali,16454.41
2003,Marshall Islands,1492.51
2003,Mauritania,563.68
2003,Mauritius,3.21
2003,Mayotte,5049.1
2003,Mexico,4985.4
2003,Micronesia,2879.04
2003,"Middle East, regional",6950.53
2003,"Middle East, Total",11277.22
2003,Moldova,4792.29
2003,Mongolia,8374.67
2003,Montenegro,528.3
2003,Montserrat,851.89
2003,Morocco,20446.65
2003,Mozambique,38686.63
2003,Myanmar,4521.55
2003,Namibia,4839.27
2003,Nauru,536.86
2003,Nepal,17466.35
2003,Nicaragua,28045.38
2003,Niger,18399.66
2003,Nigeria,130.66
2003,Niue,285.85
2003,"North & Central America, Total",3097.27
2003,North Macedonia,10167.14
2003,"North of Sahara, regional",83.91
2003,"North of Sahara, Total",77672.97
2003,Northern Mariana Islands,0
2003,"Oceania, regional",1519.21
2003,"Oceania, Total",340.41
2003,Oman,1490.07
2003,Pakistan,33762.78
2003,Palau,1391.52
2003,Panama,1378.62
2003,Papua New Guinea,4780.53
2003,Paraguay,97.61
2003,Peru,16753.3
2003,Philippines,1184.07
2003,Rwanda,12870.17
2003,Saint Helena,8260.83
2003,Saint Kitts and Nevis,1.27
2003,Saint Lucia,896.9
2003,Saint Vincent and the Grenadines,39.75
2003,Samoa,719.44
2003,Sao Tome and Principe,31.61
2003,Saudi Arabia,340.27
2003,Senegal,19467.05
2003,Serbia,46584.28
2003,Seychelles,731.21
2003,Sierra Leone,11846.31
2003,Solomon Islands,2382.34
2003,Somalia,239.75
2003,"South & Central Asia, regional",1039.38
2003,"South & Central Asia, Total",15359.44
2003,South Africa,21217.91
2003,"South America, regional",209.9
2003,"South America, Total",89973.24
2003,"South Asia, regional",0
2003,"South of Sahara, regional",46714.44
2003,"South of Sahara, Total",923686.28
2003,Sri Lanka,16521.66
2003,States Ex-Yugoslavia unspecified,4004.08
2003,Sudan,22155.66
2003,Suriname,568.77
2003,Syrian Arab Republic,4892.53
2003,Tajikistan,5387.77
2003,Tanzania,1614.25
2003,Thailand,-881.37
2003,Timor-Leste,6678.4
2003,Togo,1644.91
2003,Tokelau,148.47
2003,Tonga,719.53
2003,Trinidad and Tobago,-16.49
2003,Tunisia,11116.5
2003,Turkey,8045.22
2003,Turkmenistan,37.64
2003,Turks and Caicos Islands,3.48
2003,Tuvalu,190.83
2003,Uganda,41098.51
2003,Uruguay,30.6
2003,Uzbekistan,140.85
2003,Vanuatu,799.59
2003,Venezuela,2952.46
2003,Viet Nam,40662.04
2003,Wallis and Futuna,1505.24
2003,West Bank and Gaza Strip,33012.22
2003,Yemen,345.53
2003,Zambia,29033.51
2003,Zimbabwe,6540.53
2004,Afghanistan,74424.35
2004,"Africa, regional",18878.56
2004,"Africa, Total",1080573.26
2004,Albania,11854.15
2004,Algeria,60.56
2004,"America, regional",200.75
2004,"America, Total",9084.62
2004,Angola,39828.96
2004,Anguilla,674.87
2004,Antigua and Barbuda,33.53
2004,Argentina,44.02
2004,Armenia,11035.12
2004,"Asia, regional",9433.89
2004,"Asia, Total",699296.34
2004,Azerbaijan,170.79
2004,Bahrain,61.12
2004,Bangladesh,40416.54
2004,Barbados,1549.73
2004,Belize,356.52
2004,Benin,14896.21
2004,Bhutan,188.05
2004,Bolivia,1375.9
2004,Bosnia and Herzegovina,27990.85
2004,Botswana,69.2
2004,Brazil,195.62
2004,Burkina Faso,2332.18
2004,Burundi,12948.39
2004,Cabo Verde,316.66
2004,Cambodia,427.94
2004,Cameroon,16535.48
2004,"Caribbean & Central America, regional",7154.84
2004,Central African Republic,108.81
2004,"Central Asia, regional",8.64
2004,Chad,288.7
2004,Chile,2254.65
2004,China (People's Republic of),44123.11
2004,Colombia,1849.23
2004,Comoros,1114.86
2004,Congo,4839.91
2004,Cook Islands,105.26
2004,Costa Rica,88.79
2004,Côte d'Ivoire,430.4
2004,Croatia,4115.38
2004,Cuba,3508.29
2004,Democratic People's Republic of Korea,2910.38
2004,Democratic Republic of the Congo,49968.07
2004,"Developing Countries, Total",2794301.29
2004,"Developing countries, unspecified",11612.87
2004,Djibouti,99.51
2004,Dominica,2619.7
2004,Dominican Republic,163.63
2004,East African Community,0
2004,Ecuador,6350.32
2004,Egypt,1647.12
2004,El Salvador,270.4
2004,Equatorial Guinea,1025.16
2004,Eritrea,307.26
2004,Eswatini,52.25
2004,Ethiopia,9502.73
2004,"Europe, regional",19552.25
2004,"Europe, Total",132961.75
2004,"Far East Asia, regional",217.73
2004,"Far East Asia, Total",10750.67
2004,Fiji,73.93
2004,Gabon,1912.24
2004,Gambia,16.5
2004,Georgia,298.47
2004,Ghana,47027.29
2004,Grenada,18.8
2004,Guatemala,7546.68
2004,Guinea,7718.92
2004,Guinea-Bissau,79.32
2004,Guyana,3678.02
2004,Haiti,9317.76
2004,Honduras,1272.62
2004,India,37982.21
2004,Indonesia,1309.76
2004,Indus Basin,0
2004,Iran,6483.06
2004,Iraq,131785.06
2004,Jamaica,3399.77
2004,Jordan,18773.88
2004,Kazakhstan,8383.38
2004,Kenya,2585.71
2004,Kiribati,80.32
2004,Kosovo,0
2004,Kyrgyzstan,320.31
2004,Lao People's Democratic Republic,277.1
2004,Lebanon,9426.05
2004,Lesotho,100.8
2004,Liberia,7822.52
2004,Madagascar,49937.19
2004,Malawi,514.08
2004,Malaysia,322.19
2004,Maldives,55.76
2004,Mali,16418.03
2004,Marshall Islands,1396.3
2004,Mauritania,468.53
2004,Mauritius,0.86
2004,Mayotte,5970.82
2004,Mexico,5094.99
2004,Micronesia,2154.37
2004,"Middle East, regional",7760.82
2004,"Middle East, Total",14186.21
2004,Moldova,4553.57
2004,Mongolia,8806.17
2004,Montenegro,1254.25
2004,Montserrat,1021.14
2004,Morocco,25371.78
2004,Mozambique,43730.5
2004,Myanmar,4373.98
2004,Namibia,5305.58
2004,Nauru,411.12
2004,Nepal,15057.51
2004,Nicaragua,41169.34
2004,Niger,19491.19
2004,Nigeria,147.19
2004,Niue,371.11
2004,"North & Central America, Total",4234.3
2004,North Macedonia,9323.08
2004,"North of Sahara, regional",140.62
2004,"North of Sahara, Total",98341.08
2004,Northern Mariana Islands,0
2004,"Oceania, regional",1838.39
2004,"Oceania, Total",370.79
2004,Oman,2054.02
2004,Pakistan,37632.73
2004,Palau,1243.33
2004,Panama,1107.88
2004,Papua New Guinea,5017.88
2004,Paraguay,61.63
2004,Peru,14683.04
2004,Philippines,855.43
2004,Rwanda,20235.27
2004,Saint Helena,10510.54
2004,Saint Kitts and Nevis,2.31
2004,Saint Lucia,-875.98
2004,Saint Vincent and the Grenadines,48.98
2004,Samoa,607.22
2004,Sao Tome and Principe,30.82
2004,Saudi Arabia,603.04
2004,Senegal,39175.57
2004,Serbia,42135.14
2004,Seychelles,789.34
2004,Sierra Leone,12090.96
2004,Solomon Islands,3846.85
2004,Somalia,218.44
2004,"South & Central Asia, regional",1347.06
2004,"South & Central Asia, Total",15037.43
2004,South Africa,19333.53
2004,"South America, regional",1766.9
2004,"South America, Total",86260.19
2004,"South Asia, regional",0
2004,"South of Sahara, regional",49539.18
2004,"South of Sahara, Total",953285.48
2004,Sri Lanka,12840.56
2004,States Ex-Yugoslavia unspecified,2713.58
2004,Sudan,33680.09
2004,Suriname,977.47
2004,Syrian Arab Republic,4622.22
2004,Tajikistan,9851.16
2004,Tanzania,1013.6
2004,Thailand,91.65
2004,Timor-Leste,5671.97
2004,Togo,1866.11
2004,Tokelau,177.24
2004,Tonga,638.14
2004,Trinidad and Tobago,50.3
2004,Tunisia,11648.51
2004,Turkey,12071.09
2004,Turkmenistan,98.91
2004,Turks and Caicos Islands,5.01
2004,Tuvalu,241.98
2004,Uganda,45545.65
2004,Uruguay,50.69
2004,Uzbekistan,179.36
2004,Vanuatu,871.32
2004,Venezuela,1657.93
2004,Viet Nam,42965.38
2004,Wallis and Futuna,1869.88
2004,West Bank and Gaza Strip,35162.15
2004,Yemen,280.07
2004,Zambia,41735.32
2004,Zimbabwe,5995.56
2005,Afghanistan,91409.1
2005,"Africa, regional",22254.18
2005,"Africa, Total",1249099.52
2005,Albania,11220.42
2005,Algeria,114.14
2005,"America, regional",408.81
2005,"America, Total",8855.1
2005,Angola,14258.56
2005,Anguilla,868.09
2005,Antigua and Barbuda,123.52
2005,Argentina,67.62
2005,Armenia,7051.94
2005,"Asia, regional",31440.74
2005,"Asia, Total",1265014.68
2005,Azerbaijan,171.51
2005,Bangladesh,34463.96
2005,Barbados,18.4
2005,Belarus,1894.84
2005,Belize,539.58
2005,Benin,13552.81
2005,Bhutan,191.94
2005,Bolivia,927.81
2005,Bosnia and Herzegovina,18809.31
2005,Botswana,64
2005,Brazil,232.68
2005,Burkina Faso,2415.5
2005,Burundi,12925.92
2005,Cabo Verde,364.25
2005,Cambodia,436.8
2005,Cameroon,10047.07
2005,"Caribbean & Central America, regional",8808.86
2005,Central African Republic,85.64
2005,"Central Asia, regional",319.21
2005,Chad,445.65
2005,Chile,5591.63
2005,China (People's Republic of),46203.4
2005,Colombia,2093.44
2005,Comoros,964.05
2005,Congo,46997.14
2005,Cook Islands,105.11
2005,Costa Rica,67.78
2005,Côte d'Ivoire,215.47
2005,Croatia,4123.61
2005,Cuba,2982.06
2005,Democratic People's Republic of Korea,1283.14
2005,Democratic Republic of the Congo,50934.88
2005,"Developing Countries, Total",3619293.94
2005,"Developing countries, unspecified",9713.89
2005,Djibouti,116.48
2005,Dominica,1785.69
2005,Dominican Republic,203.19
2005,East African Community,0
2005,Ecuador,8516.49
2005,Egypt,1092.71
2005,El Salvador,251.71
2005,Equatorial Guinea,1106.85
2005,Eritrea,447.28
2005,Eswatini,106.47
2005,Ethiopia,10359.14
2005,"Europe, regional",21604.99
2005,"Europe, Total",136007.01
2005,"Far East Asia, regional",494.23
2005,"Far East Asia, Total",15814.32
2005,Fiji,74.7
2005,Gabon,2255.41
2005,Gambia,36.26
2005,Georgia,281.69
2005,Ghana,40513.92
2005,Grenada,70.51
2005,Guatemala,8604.56
2005,Guinea,5466.78
2005,Guinea-Bissau,49.11
2005,Guyana,3917.44
2005,Haiti,12144.14
2005,Honduras,2280
2005,India,65236.47
2005,Indonesia,4387.89
2005,Indus Basin,0
2005,Iran,3523.77
2005,Iraq,630039.96
2005,Jamaica,2061.73
2005,Jordan,20079.5
2005,Kazakhstan,6778.35
2005,Kenya,2608.75
2005,Kiribati,107.99
2005,Kosovo,0
2005,Kyrgyzstan,296
2005,Lao People's Democratic Republic,296.83
2005,Lebanon,8221.66
2005,Lesotho,57.49
2005,Liberia,8180.98
2005,Libya,744.44
2005,Madagascar,37102.82
2005,Malawi,526.83
2005,Malaysia,45.46
2005,Maldives,116.79
2005,Mali,19202.91
2005,Marshall Islands,1536.95
2005,Mauritania,405.95
2005,Mauritius,3.78
2005,Mayotte,5722.66
2005,Mexico,6806.17
2005,Micronesia,2598.58
2005,"Middle East, regional",23052.61
2005,"Middle East, Total",30053.92
2005,Moldova,6399.28
2005,Mongolia,6841.54
2005,Montenegro,233.06
2005,Montserrat,647.13
2005,Morocco,25545.21
2005,Mozambique,44929.02
2005,Myanmar,5177.11
2005,Namibia,3616.76
2005,Nauru,260.94
2005,Nepal,13243.87
2005,Nicaragua,22733.9
2005,Niger,19144.19
2005,Nigeria,3091.81
2005,Niue,560.22
2005,"North & Central America, Total",3393.08
2005,North Macedonia,7657.43
2005,"North of Sahara, regional",141.37
2005,"North of Sahara, Total",89033.88
2005,Northern Mariana Islands,0
2005,"Oceania, regional",2513.52
2005,"Oceania, Total",503.5
2005,Oman,585.38
2005,Pakistan,37425.65
2005,Palau,1274.47
2005,Panama,1077.25
2005,Papua New Guinea,4807.86
2005,Paraguay,90.38
2005,Peru,14612.26
2005,Philippines,995.87
2005,Rwanda,22109.67
2005,Saint Helena,9025.86
2005,Saint Kitts and Nevis,71.41
2005,Saint Lucia,703.12
2005,Saint Vincent and the Grenadines,31.75
2005,Samoa,787.08
2005,Sao Tome and Principe,36.93
2005,Saudi Arabia,593.24
2005,Senegal,27906.45
2005,Serbia,35495.82
2005,Seychelles,1309.61
2005,Sierra Leone,10688
2005,Solomon Islands,5583.31
2005,Somalia,291.26
2005,"South & Central Asia, regional",1437.43
2005,"South & Central Asia, Total",16459.22
2005,South Africa,20923.59
2005,"South America, regional",239.51
2005,"South America, Total",79860.3
2005,"South Asia, regional",15.3
2005,"South of Sahara, regional",42839.69
2005,"South of Sahara, Total",1118218.21
2005,Sri Lanka,27032.95
2005,States Ex-Yugoslavia unspecified,2044.46
2005,Sudan,59917.71
2005,Suriname,1553.17
2005,Syrian Arab Republic,3150.15
2005,Tajikistan,9000.78
2005,Tanzania,952.55
2005,Thailand,-132.29
2005,Timor-Leste,6302.03
2005,Togo,2178.58
2005,Tokelau,317.1
2005,Tonga,909.12
2005,Trinidad and Tobago,35.17
2005,Tunisia,12654.47
2005,Turkey,15652.45
2005,Turkmenistan,57.76
2005,Turks and Caicos Islands,9.42
2005,Tuvalu,226.13
2005,Uganda,43842.71
2005,Ukraine,13220.74
2005,Uruguay,33.85
2005,Uzbekistan,148.29
2005,Vanuatu,827.09
2005,Venezuela,1856.4
2005,Viet Nam,42222.9
2005,Wallis and Futuna,1845.45
2005,West Bank and Gaza Strip,30851.68
2005,Yemen,363.8
2005,Zambia,43439.77
2005,Zimbabwe,13159.34
2006,Afghanistan,86942.57
2006,"Africa, regional",21194.12
2006,"Africa, Total",1858206.76
2006,Albania,11369.92
2006,Algeria,114.79
2006,"America, regional",278.4
2006,"America, Total",12984.37
2006,Angola,6209.8
2006,Anguilla,1106.01
2006,Antigua and Barbuda,52.14
2006,Argentina,91.63
2006,Armenia,8975.78
2006,"Asia, regional",27832.85
2006,"Asia, Total",902048.56
2006,Azerbaijan,166.38
2006,Bangladesh,27737.44
2006,Barbados,10.25
2006,Belarus,2454.29
2006,Belize,383.95
2006,Benin,25785.17
2006,Bhutan,177.82
2006,Bolivia,4772.58
2006,Bosnia and Herzegovina,16967.55
2006,Botswana,82.43
2006,Brazil,42.14
2006,Burkina Faso,3921.48
2006,Burundi,14246.58
2006,Cabo Verde,288.59
2006,Cambodia,484.8
2006,Cameroon,36559
2006,"Caribbean & Central America, regional",6425.27
2006,Central African Republic,84.82
2006,"Central Asia, regional",4862.59
2006,Chad,425.82
2006,Chile,3259.62
2006,China (People's Republic of),35263.58
2006,Colombia,3144.54
2006,Comoros,1202.55
2006,Congo,9565.81
2006,Cook Islands,110.08
2006,Costa Rica,65.8
2006,Côte d'Ivoire,607.63
2006,Croatia,6470.74
2006,Cuba,2832.23
2006,Democratic People's Republic of Korea,822.86
2006,Democratic Republic of the Congo,54910.48
2006,"Developing Countries, Total",3968513.89
2006,"Developing countries, unspecified",9327.05
2006,Djibouti,168.09
2006,Dominica,1592.56
2006,Dominican Republic,251.54
2006,East African Community,0
2006,Ecuador,7003.66
2006,Egypt,1006.65
2006,El Salvador,196.79
2006,Equatorial Guinea,872.74
2006,Eritrea,111.75
2006,Eswatini,91.61
2006,Ethiopia,21585.03
2006,"Europe, regional",21323.17
2006,"Europe, Total",165345.53
2006,"Far East Asia, regional",284.24
2006,"Far East Asia, Total",10010.14
2006,Fiji,72.52
2006,Gabon,1493.68
2006,Gambia,40.04
2006,Georgia,319.42
2006,Ghana,36870.38
2006,Grenada,67.97
2006,Guatemala,15524.66
2006,Guinea,4910
2006,Guinea-Bissau,59.42
2006,Guyana,4786.89
2006,Haiti,15984.89
2006,Honduras,1153.11
2006,India,48457.41
2006,Indonesia,3494.06
2006,Indus Basin,0
2006,Iran,4029.94
2006,Iraq,245979.82
2006,Jamaica,1806.94
2006,Jordan,17072.93
2006,Kazakhstan,5461.19
2006,Kenya,3141.51
2006,Kiribati,104.48
2006,Kosovo,0
2006,Kyrgyzstan,320.44
2006,Lao People's Democratic Republic,345.65
2006,Lebanon,26277.32
2006,Lesotho,43.45
2006,Liberia,8976.93
2006,Libya,1296.5
2006,Madagascar,59589.13
2006,Malawi,1169.8
2006,Malaysia,263.81
2006,Maldives,47.13
2006,Mali,31900.75
2006,Marshall Islands,1525.22
2006,Mauritania,595.4
2006,Mauritius,-10.94
2006,Mayotte,9680.11
2006,Mexico,8393.85
2006,Micronesia,2602.47
2006,"Middle East, regional",40193.79
2006,"Middle East, Total",19005.03
2006,Moldova,8557.56
2006,Mongolia,6234.27
2006,Montenegro,3874.25
2006,Montserrat,746.67
2006,Morocco,35349.38
2006,Mozambique,61706.36
2006,Myanmar,4887.59
2006,Namibia,4508.29
2006,Nauru,491.32
2006,Nepal,15516.39
2006,Nicaragua,25946.7
2006,Niger,27341.69
2006,Nigeria,3688.01
2006,Niue,246.86
2006,"North & Central America, Total",1438.54
2006,North Macedonia,6783.21
2006,"North of Sahara, regional",130.79
2006,"North of Sahara, Total",93941.28
2006,Northern Mariana Islands,0
2006,"Oceania, regional",2342.2
2006,"Oceania, Total",479.64
2006,Oman,1073.25
2006,Pakistan,49687.25
2006,Palau,2342.06
2006,Panama,1518.67
2006,Papua New Guinea,4811.26
2006,Paraguay,92.7
2006,Peru,14182.69
2006,Philippines,1039.25
2006,Rwanda,36362.11
2006,Saint Helena,11272.79
2006,Saint Kitts and Nevis,146.89
2006,Saint Lucia,1424.65
2006,Saint Vincent and the Grenadines,34.55
2006,Samoa,944.49
2006,Sao Tome and Principe,25.29
2006,Saudi Arabia,577.87
2006,Senegal,42973.19
2006,Serbia,50527.18
2006,Seychelles,1003.08
2006,Sierra Leone,12571.9
2006,Solomon Islands,5632.12
2006,Somalia,478.69
2006,"South & Central Asia, regional",378.1
2006,"South & Central Asia, Total",16190.41
2006,South Africa,22257.83
2006,"South America, regional",236.06
2006,"South America, Total",84229.83
2006,"South Asia, regional",2936.34
2006,"South of Sahara, regional",51312.38
2006,"South of Sahara, Total",1666039.63
2006,Sri Lanka,18512.83
2006,States Ex-Yugoslavia unspecified,4394.08
2006,Sudan,65643.36
2006,Suriname,2237.41
2006,Syrian Arab Republic,1858.71
2006,Tajikistan,8315.59
2006,Tanzania,-3485.3
2006,Thailand,-110.42
2006,Timor-Leste,6967.92
2006,Togo,2073.66
2006,Tokelau,215.47
2006,Tonga,665.81
2006,Trinidad and Tobago,621.65
2006,Tunisia,14841.55
2006,Turkey,20021.43
2006,Turkmenistan,91.48
2006,Turks and Caicos Islands,0.25
2006,Tuvalu,355.02
2006,Uganda,74776.92
2006,Ukraine,15646.44
2006,Uruguay,48.36
2006,Uzbekistan,194.32
2006,Vanuatu,1021.87
2006,Venezuela,1970.39
2006,Viet Nam,41044.45
2006,Wallis and Futuna,2591.82
2006,West Bank and Gaza Strip,39684.43
2006,Yemen,375.87
2006,Zambia,63834.8
2006,Zimbabwe,8913.11
2007,Afghanistan,137842.51
2007,"Africa, regional",34572.26
2007,"Africa, Total",1298022.98
2007,Albania,10406.1
2007,Algeria,70.5
2007,"America, regional",263.41
2007,"America, Total",7864.37
2007,Angola,8438.71
2007,Anguilla,877.46
2007,Antigua and Barbuda,80.27
2007,Argentina,30.8
2007,Armenia,13293.81
2007,"Asia, regional",26584.14
2007,"Asia, Total",962766.01
2007,Azerbaijan,181.8
2007,Bangladesh,34253.33
2007,Barbados,793.06
2007,Belarus,2524.27
2007,Belize,955.9
2007,Benin,16565.48
2007,Bhutan,149.98
2007,Bolivia,271.87
2007,Bosnia and Herzegovina,18010
2007,Botswana,114.25
2007,Brazil,449.24
2007,Burkina Faso,3077.41
2007,Burundi,15978.8
2007,Cabo Verde,347.73
2007,Cambodia,604.51
2007,Cameroon,30524.24
2007,"Caribbean & Central America, regional",9611.24
2007,Central African Republic,180.51
2007,"Central Asia, regional",6917.97
2007,Chad,332.04
2007,Chile,3328.73
2007,China (People's Republic of),39327.77
2007,Colombia,1854.83
2007,Comoros,1685.46
2007,Congo,4192.58
2007,Cook Islands,147.99
2007,Costa Rica,108.32
2007,Côte d'Ivoire,205.09
2007,Croatia,5046.73
2007,Cuba,3073.57
2007,Democratic People's Republic of Korea,1581.67
2007,Democratic Republic of the Congo,37457.29
2007,"Developing Countries, Total",3367277.34
2007,"Developing countries, unspecified",10461.53
2007,Djibouti,145.99
2007,Dominica,1547.99
2007,Dominican Republic,350.54
2007,East African Community,0
2007,Ecuador,6670.17
2007,Egypt,761.8
2007,El Salvador,-18.99
2007,Equatorial Guinea,848.02
2007,Eritrea,146.86
2007,Eswatini,131.36
2007,Ethiopia,12415.86
2007,"Europe, regional",15552.35
2007,"Europe, Total",134613.18
2007,"Far East Asia, regional",279.46
2007,"Far East Asia, Total",11883.32
2007,Fiji,66.06
2007,Gabon,2069.4
2007,Gambia,59.01
2007,Georgia,341.27
2007,Ghana,35719.81
2007,Grenada,71.26
2007,Guatemala,13406.16
2007,Guinea,6823.85
2007,Guinea-Bissau,107.77
2007,Guyana,2692.91
2007,Haiti,17109.6
2007,Honduras,1110.58
2007,India,47253.8
2007,Indonesia,2664.29
2007,Indus Basin,0
2007,Iran,3285.22
2007,Iraq,243433.12
2007,Jamaica,1331.01
2007,Jordan,17200.26
2007,Kazakhstan,7700.06
2007,Kenya,4191.9
2007,Kiribati,89.81
2007,Kosovo,0
2007,Kyrgyzstan,328.08
2007,Lao People's Democratic Republic,361.21
2007,Lebanon,28936.95
2007,Lesotho,65.44
2007,Liberia,43955.69
2007,Libya,596.41
2007,Madagascar,33554.49
2007,Malawi,535.3
2007,Malaysia,204.43
2007,Maldives,38.73
2007,Mali,23471.11
2007,Marshall Islands,1429.4
2007,Mauritania,665.07
2007,Mauritius,1.76
2007,Mayotte,11114.31
2007,Mexico,3954.14
2007,Micronesia,2683.83
2007,"Middle East, regional",28738.18
2007,"Middle East, Total",16390
2007,Moldova,9823.41
2007,Mongolia,7223.91
2007,Montenegro,3832.85
2007,Montserrat,860.61
2007,Morocco,37186.19
2007,Mozambique,55941.89
2007,Myanmar,6200.1
2007,Namibia,5750.84
2007,Nauru,661.66
2007,Nepal,18000.67
2007,Nicaragua,21919.34
2007,Niger,19151.78
2007,Nigeria,636.44
2007,Niue,369.08
2007,"North & Central America, Total",3093.71
2007,North Macedonia,6114.43
2007,"North of Sahara, regional",258.92
2007,"North of Sahara, Total",100830.24
2007,Northern Mariana Islands,0
2007,"Oceania, regional",2403.15
2007,"Oceania, Total",476.57
2007,Oman,4134.67
2007,Pakistan,49409.04
2007,Palau,1318.51
2007,Panama,-3182.62
2007,Papua New Guinea,5214.46
2007,Paraguay,181.48
2007,Peru,11806.19
2007,Philippines,995.83
2007,Rwanda,27314.05
2007,Saint Helena,17594.39
2007,Saint Kitts and Nevis,91.19
2007,Saint Lucia,1110.04
2007,Saint Vincent and the Grenadines,188.28
2007,Samoa,700.91
2007,Sao Tome and Principe,71.35
2007,Saudi Arabia,-3550.86
2007,Senegal,29013.36
2007,Serbia,26194.85
2007,Seychelles,487.97
2007,Sierra Leone,16761.61
2007,Solomon Islands,6747.45
2007,Somalia,431.67
2007,"South & Central Asia, regional",381.06
2007,"South & Central Asia, Total",19072.42
2007,South Africa,23149.5
2007,"South America, regional",411.39
2007,"South America, Total",77264.47
2007,"South Asia, regional",3322.13
2007,"South of Sahara, regional",51758.5
2007,"South of Sahara, Total",1143153.17
2007,Sri Lanka,14681.44
2007,States Ex-Yugoslavia unspecified,1355.35
2007,Sudan,63968.11
2007,Suriname,4654.29
2007,Syrian Arab Republic,3722.22
2007,Tajikistan,6780.22
2007,Tanzania,1685.97
2007,Thailand,-329.21
2007,Timor-Leste,9033.62
2007,Togo,3067.07
2007,Tokelau,238.97
2007,Tonga,862.21
2007,Trinidad and Tobago,724.31
2007,Tunisia,10954.31
2007,Turkey,26020.04
2007,Turkmenistan,74.9
2007,Turks and Caicos Islands,23.01
2007,Tuvalu,292.62
2007,Uganda,59383.55
2007,Ukraine,12450.67
2007,Uruguay,70.89
2007,Uzbekistan,174.23
2007,Vanuatu,1170.06
2007,Venezuela,2292.58
2007,Viet Nam,55184.62
2007,Wallis and Futuna,2804.78
2007,West Bank and Gaza Strip,48133.76
2007,Yemen,256.74
2007,Zambia,31110.48
2007,Zimbabwe,14311.74
2008,Afghanistan,133431.01
2008,"Africa, regional",35984.01
2008,"Africa, Total",1417178.61
2008,Albania,11123.76
2008,Algeria,47.52
2008,"America, regional",281.05
2008,"America, Total",9552.85
2008,Angola,10844.57
2008,Anguilla,827.32
2008,Antigua and Barbuda,96.98
2008,Argentina,59.57
2008,Armenia,10986.33
2008,"Asia, regional",33578.09
2008,"Asia, Total",1092041.62
2008,Azerbaijan,175.65
2008,Bangladesh,48647.5
2008,Barbados,398.35
2008,Belarus,3102.51
2008,Belize,974.37
2008,Benin,21054.74
2008,Bhutan,143.5
2008,Bolivia,434.71
2008,Bosnia and Herzegovina,13705.42
2008,Botswana,1191.71
2008,Brazil,649.8
2008,Burkina Faso,3090.07
2008,Burundi,16167.61
2008,Cabo Verde,419.14
2008,Cambodia,562
2008,Cameroon,14002.89
2008,"Caribbean & Central America, regional",11693.8
2008,Central African Republic,217.67
2008,"Central Asia, regional",7835.65
2008,Chad,267.13
2008,Chile,3160.73
2008,China (People's Republic of),36165.08
2008,Colombia,2321.26
2008,Comoros,1368.3
2008,Congo,14841.2
2008,Cook Islands,58.98
2008,Costa Rica,109.8
2008,Côte d'Ivoire,1185.1
2008,Croatia,7454.69
2008,Cuba,3730.48
2008,Democratic People's Republic of Korea,3408.2
2008,Democratic Republic of the Congo,50717.02
2008,"Developing Countries, Total",3795386.91
2008,"Developing countries, unspecified",13396.36
2008,Djibouti,151.77
2008,Dominica,1643.34
2008,Dominican Republic,356.28
2008,East African Community,0
2008,Ecuador,7247.84
2008,Egypt,1629.03
2008,El Salvador,234.66
2008,Equatorial Guinea,879.8
2008,Eritrea,138.37
2008,Eswatini,194.48
2008,Ethiopia,15905.43
2008,"Europe, regional",25461.65
2008,"Europe, Total",161385.81
2008,"Far East Asia, regional",337.63
2008,"Far East Asia, Total",8712.77
2008,Fiji,51.22
2008,Gabon,2215.64
2008,Gambia,76.83
2008,Georgia,836.91
2008,Ghana,40517.8
2008,Grenada,51.67
2008,Guatemala,15197.32
2008,Guinea,7970.92
2008,Guinea-Bissau,106.5
2008,Guyana,4063.49
2008,Haiti,23136.97
2008,Honduras,1610.1
2008,India,69382.43
2008,Indonesia,4157.22
2008,Indus Basin,0
2008,Iran,3001.61
2008,Iraq,254668.94
2008,Jamaica,2982.1
2008,Jordan,20468.85
2008,Kazakhstan,9259.93
2008,Kenya,4239.92
2008,Kiribati,113.54
2008,Kosovo,0
2008,Kyrgyzstan,465.03
2008,Lao People's Democratic Republic,470.16
2008,Lebanon,29658.96
2008,Lesotho,50.68
2008,Liberia,42105.43
2008,Libya,2221.18
2008,Madagascar,33183.47
2008,Malawi,553.74
2008,Malaysia,196.56
2008,Maldives,137.93
2008,Mali,23048.19
2008,Marshall Islands,1401.26
2008,Mauritania,737.85
2008,Mauritius,-1.21
2008,Mayotte,12528.17
2008,Mexico,5022.57
2008,Micronesia,2102.68
2008,"Middle East, regional",88726.09
2008,"Middle East, Total",17650.58
2008,Moldova,9839.64
2008,Mongolia,7408.22
2008,Montenegro,3898.72
2008,Montserrat,965.86
2008,Morocco,43444.45
2008,Mozambique,60622.14
2008,Myanmar,15852.79
2008,Namibia,5367.93
2008,Nauru,748.78
2008,Nepal,19750.84
2008,Nicaragua,18911.81
2008,Niger,19144.51
2008,Nigeria,435.09
2008,Niue,443.71
2008,"North & Central America, Total",3520.69
2008,North Macedonia,5730.7
2008,"North of Sahara, regional",180.5
2008,"North of Sahara, Total",117272.18
2008,Northern Mariana Islands,0
2008,"Oceania, regional",5463.33
2008,"Oceania, Total",654.96
2008,Oman,1735.52
2008,Pakistan,26425
2008,Palau,2486.09
2008,Panama,1065.39
2008,Papua New Guinea,4801.07
2008,Paraguay,221.22
2008,Peru,12184.14
2008,Philippines,390.76
2008,Rwanda,31388.28
2008,Saint Helena,26329.78
2008,Saint Kitts and Nevis,1109.55
2008,Saint Lucia,908.79
2008,Saint Vincent and the Grenadines,183.42
2008,Samoa,639.16
2008,Sao Tome and Principe,37.76
2008,Senegal,34087.33
2008,Serbia,28940.27
2008,Seychelles,521.25
2008,Sierra Leone,10694.97
2008,Solomon Islands,5654.6
2008,Somalia,855.56
2008,"South & Central Asia, regional",404.93
2008,"South & Central Asia, Total",20743.78
2008,South Africa,29879.61
2008,"South America, regional",601.55
2008,"South America, Total",90090.23
2008,"South Asia, regional",4530.56
2008,"South of Sahara, regional",80672.7
2008,"South of Sahara, Total",1248557.49
2008,Sri Lanka,18538.17
2008,States Ex-Yugoslavia unspecified,1387.69
2008,Sudan,78604.92
2008,Suriname,3078.14
2008,Syrian Arab Republic,6417.7
2008,Tajikistan,7867.94
2008,Tanzania,1596.16
2008,Thailand,-656.57
2008,Timor-Leste,8330.97
2008,Togo,6970.63
2008,Tokelau,405.89
2008,Tonga,698.7
2008,Trinidad and Tobago,298.2
2008,Tunisia,12814.5
2008,Turkey,35482.08
2008,Turkmenistan,68.16
2008,Tuvalu,396.59
2008,Uganda,50797.97
2008,Ukraine,18086.33
2008,Uruguay,74.26
2008,Uzbekistan,188.05
2008,Vanuatu,1760.14
2008,Venezuela,1708.79
2008,Viet Nam,53871.4
2008,Wallis and Futuna,3003.14
2008,West Bank and Gaza Strip,65131.28
2008,Yemen,675.03
2008,Zambia,33804.63
2008,Zimbabwe,18098.63
2009,Afghanistan,170136.84
2009,"Africa, regional",79341.57
2009,"Africa, Total",1579851.33
2009,Albania,11245.85
2009,Algeria,12.3
2009,"America, regional",229.74
2009,"America, Total",9315.22
2009,Angola,7645.95
2009,Anguilla,246.35
2009,Antigua and Barbuda,62.16
2009,Argentina,68.42
2009,Armenia,16043.79
2009,"Asia, regional",29861.91
2009,"Asia, Total",982115.22
2009,Azerbaijan,162.88
2009,Bangladesh,29232.38
2009,Barbados,508.82
2009,Belarus,2759.68
2009,Belize,1151.4
2009,Benin,22222.44
2009,Bhutan,180.04
2009,Bolivia,595.72
2009,Bosnia and Herzegovina,12745.36
2009,Botswana,279.93
2009,Brazil,531.71
2009,Burkina Faso,3579.44
2009,Burundi,24197.33
2009,Cabo Verde,352.91
2009,Cambodia,642.01
2009,Cameroon,14657.23
2009,"Caribbean & Central America, regional",7851.06
2009,Central African Republic,263.28
2009,"Central Asia, regional",9598.86
2009,Chad,327.83
2009,Chile,2432.71
2009,China (People's Republic of),35083
2009,Colombia,2523.38
2009,Comoros,1619.09
2009,Congo,8621.48
2009,Cook Islands,254.29
2009,Costa Rica,138.01
2009,Côte d'Ivoire,4686.59
2009,Croatia,5289.4
2009,Cuba,3295.47
2009,Democratic People's Republic of Korea,1026.88
2009,Democratic Republic of the Congo,64250.08
2009,"Developing Countries, Total",3961092.72
2009,"Developing countries, unspecified",14831.89
2009,Djibouti,226.55
2009,Dominica,2837.94
2009,Dominican Republic,313.55
2009,Ecuador,6845.65
2009,Egypt,456.37
2009,El Salvador,239.05
2009,Equatorial Guinea,809.17
2009,Eritrea,75.23
2009,Eswatini,121.48
2009,Ethiopia,18694.59
2009,"Europe, regional",24783.22
2009,"Europe, Total",174008.63
2009,"Far East Asia, regional",254.29
2009,"Far East Asia, Total",14454.33
2009,Fiji,60.18
2009,Gabon,2786.97
2009,Gambia,109.33
2009,Georgia,765.92
2009,Ghana,48253.2
2009,Grenada,48.82
2009,Guatemala,10687.07
2009,Guinea,5773.32
2009,Guinea-Bissau,118.05
2009,Guyana,3827.7
2009,Haiti,28925.76
2009,Honduras,1148.63
2009,India,84232.26
2009,Indonesia,3626.85
2009,Iran,2781.03
2009,Iraq,76729.25
2009,Jamaica,5040.64
2009,Jordan,21409.77
2009,Kazakhstan,8031.12
2009,Kenya,5092.34
2009,Kiribati,115.69
2009,Kosovo,24529.85
2009,Kyrgyzstan,354.53
2009,Lao People's Democratic Republic,377.5
2009,Lebanon,17193.07
2009,Lesotho,44.28
2009,Liberia,16070.79
2009,Libya,1205.47
2009,Madagascar,14616.14
2009,Malawi,502.41
2009,Malaysia,166.19
2009,Maldives,29.35
2009,Mali,23277.95
2009,Marshall Islands,1595.88
2009,Mauritania,569.37
2009,Mauritius,25.47
2009,Mayotte,14501.99
2009,Mexico,6152.35
2009,Micronesia,2837.24
2009,"Middle East, regional",41686.27
2009,"Middle East, Total",14016.2
2009,Moldova,7964.67
2009,Mongolia,10930.61
2009,Montenegro,2687.26
2009,Montserrat,1023.93
2009,Morocco,32139.25
2009,Mozambique,61793.12
2009,Myanmar,10695.32
2009,Namibia,8959.79
2009,Nauru,578.13
2009,Nepal,22444.69
2009,Nicaragua,20135.71
2009,Niger,14891.46
2009,Nigeria,612.8
2009,Niue,183.88
2009,"North & Central America, Total",3906.82
2009,North Macedonia,5558.13
2009,"North of Sahara, regional",140.64
2009,"North of Sahara, Total",93907.45
2009,"Oceania, regional",3889.54
2009,"Oceania, Total",733.7
2009,Oman,3247.54
2009,Pakistan,59367.12
2009,Palau,2357.97
2009,Panama,1921.39
2009,Papua New Guinea,6226.05
2009,Paraguay,241.3
2009,Peru,11696.86
2009,Philippines,587.87
2009,Rwanda,30334.97
2009,Saint Helena,13935.2
2009,Saint Kitts and Nevis,80.42
2009,Saint Lucia,1775.39
2009,Saint Vincent and the Grenadines,243.39
2009,Samoa,1109.96
2009,Sao Tome and Principe,18.73
2009,Senegal,32521.35
2009,Serbia,18988.68
2009,Seychelles,1415.87
2009,Sierra Leone,12699.53
2009,Solomon Islands,5596.12
2009,Somalia,687.53
2009,"South & Central Asia, regional",419.37
2009,"South & Central Asia, Total",21968.08
2009,South Africa,28994.54
2009,"South America, regional",524.73
2009,"South America, Total",89484.82
2009,"South Asia, regional",4455.5
2009,"South of Sahara, regional",80883.89
2009,"South of Sahara, Total",1398364.09
2009,Sri Lanka,17612.21
2009,States Ex-Yugoslavia unspecified,484.61
2009,Sudan,71200.07
2009,Suriname,4779.9
2009,Syrian Arab Republic,7035.8
2009,Tajikistan,10517.76
2009,Tanzania,3210.58
2009,Thailand,-66.73
2009,Timor-Leste,6763.08
2009,Togo,8672.95
2009,Tokelau,190.96
2009,Tonga,974.09
2009,Trinidad and Tobago,233.65
2009,Tunisia,16348.24
2009,Turkey,41415.65
2009,Turkmenistan,72.61
2009,Tuvalu,389.6
2009,Uganda,60893.05
2009,Ukraine,19153.87
2009,Uruguay,96.32
2009,Uzbekistan,250.31
2009,Vanuatu,1870.96
2009,Venezuela,1768.29
2009,Viet Nam,76116.76
2009,Wallis and Futuna,2764.25
2009,West Bank and Gaza Strip,77011.21
2009,Yemen,597.12
2009,Zambia,39896.89
2009,Zimbabwe,22106.52
2010,Afghanistan,169757.4
2010,"Africa, regional",50719.56
2010,"Africa, Total",1564543.2
2010,Albania,11613.01
2010,Algeria,-41.65
2010,"America, regional",184.22
2010,"America, Total",10922.77
2010,Angola,7314.99
2010,Anguilla,1927.63
2010,Antigua and Barbuda,284.68
2010,Argentina,71.48
2010,Armenia,10011.95
2010,"Asia, regional",30767.54
2010,"Asia, Total",975955.03
2010,Azerbaijan,161.47
2010,Bangladesh,35928.82
2010,Barbados,665.92
2010,Belarus,3951.24
2010,Belize,1031.97
2010,Benin,23317.59
2010,Bhutan,192.95
2010,Bolivia,571.09
2010,Bosnia and Herzegovina,18007.4
2010,Botswana,174.6
2010,Brazil,663.04
2010,Burkina Faso,3408.96
2010,Burundi,19516.17
2010,Cabo Verde,586.56
2010,Cambodia,678.67
2010,Cameroon,12803.33
2010,"Caribbean & Central America, regional",7404.43
2010,Central African Republic,166.33
2010,"Central Asia, regional",5611.03
2010,Chad,328.69
2010,Chile,5688.84
2010,China (People's Republic of),26039.75
2010,Colombia,1565.59
2010,Comoros,2399.23
2010,Congo,41018.61
2010,Cook Islands,338.68
2010,Costa Rica,120.68
2010,Côte d'Ivoire,1783.95
2010,Croatia,4276.79
2010,Cuba,3901.07
2010,Democratic People's Republic of Korea,992.3
2010,Democratic Republic of the Congo,96093.77
2010,"Developing Countries, Total",4037397.76
2010,"Developing countries, unspecified",19237.75
2010,Djibouti,164.76
2010,Dominica,2417.02
2010,Dominican Republic,377.66
2010,East African Community,0
2010,Ecuador,5079.17
2010,Egypt,-128.01
2010,El Salvador,161.65
2010,Equatorial Guinea,1573.75
2010,Eritrea,70.44
2010,Eswatini,188.41
2010,Ethiopia,17079
2010,"Europe, regional",33693.26
2010,"Europe, Total",182128.55
2010,"Far East Asia, regional",273.15
2010,"Far East Asia, Total",11840.39
2010,Fiji,73.39
2010,Gabon,3310.51
2010,Gambia,70.68
2010,Georgia,611.5
2010,Ghana,51734.26
2010,Grenada,30.4
2010,Guatemala,11570.33
2010,Guinea,6407.48
2010,Guinea-Bissau,-194.28
2010,Guyana,3475.78
2010,Haiti,82086.31
2010,Honduras,1155.04
2010,India,95510.99
2010,Indonesia,3858.46
2010,Iran,3540.93
2010,Iraq,60710.27
2010,Jamaica,4815.06
2010,Jordan,27331.8
2010,Kazakhstan,6010.97
2010,Kenya,5063.38
2010,Kiribati,150.61
2010,Kosovo,16962.4
2010,Kyrgyzstan,521.66
2010,Lao People's Democratic Republic,373.19
2010,Lebanon,13447.67
2010,Lesotho,106.54
2010,Liberia,51684.29
2010,Libya,377.28
2010,Madagascar,17145.6
2010,Malawi,627.89
2010,Malaysia,19.57
2010,Maldives,108.36
2010,Mali,25336.43
2010,Marshall Islands,608.24
2010,Mauritania,609.94
2010,Mauritius,5.83
2010,Mayotte,16832.66
2010,Mexico,13885.3
2010,Micronesia,1466
2010,"Middle East, regional",42466.95
2010,"Middle East, Total",12650.98
2010,Moldova,17465.67
2010,Mongolia,9273.06
2010,Montenegro,2832.94
2010,Montserrat,715.2
2010,Morocco,32037.98
2010,Mozambique,57793.61
2010,Myanmar,10855.42
2010,Namibia,6977.45
2010,Nauru,625.03
2010,Nepal,24999.86
2010,Nicaragua,15339.99
2010,Niger,24244.72
2010,Nigeria,465.9
2010,Niue,359.96
2010,"North & Central America, Total",4984
2010,North Macedonia,5625.46
2010,"North of Sahara, regional",205.99
2010,"North of Sahara, Total",81754.57
2010,"Oceania, regional",4267.01
2010,"Oceania, Total",572.86
2010,Oman,-150.96
2010,Pakistan,67612.33
2010,Palau,1646.41
2010,Panama,3561.1
2010,Papua New Guinea,7385.8
2010,Paraguay,193.56
2010,Peru,-3139.31
2010,Philippines,903.63
2010,Rwanda,33744.89
2010,Saint Helena,21429.48
2010,Saint Kitts and Nevis,292.3
2010,Saint Lucia,2422.27
2010,Saint Vincent and the Grenadines,164.48
2010,Samoa,1958.07
2010,Sao Tome and Principe,24.91
2010,Senegal,29685.37
2010,Serbia,20303.26
2010,Seychelles,3517.94
2010,Sierra Leone,13019.74
2010,Solomon Islands,7905.49
2010,Somalia,608.13
2010,"South & Central Asia, regional",455
2010,"South & Central Asia, Total",22996.05
2010,South Africa,28286.94
2010,"South America, regional",748.06
2010,"South America, Total",72502.66
2010,"South Asia, regional",2835.87
2010,"South of Sahara, regional",72266.18
2010,"South of Sahara, Total",1407785.26
2010,Sri Lanka,17288.99
2010,States Ex-Yugoslavia unspecified,544.3
2010,Sudan,61233.68
2010,Suriname,3184.46
2010,Syrian Arab Republic,6707.82
2010,Tajikistan,13559.91
2010,Tanzania,2529.28
2010,Thailand,-77.8
2010,Timor-Leste,8970.45
2010,Togo,8344.21
2010,Tokelau,261.33
2010,Tonga,1586.09
2010,Trinidad and Tobago,141.94
2010,Tunisia,18744.51
2010,Turkey,31611.36
2010,Turkmenistan,76.27
2010,Tuvalu,329.6
2010,Uganda,56188.82
2010,Ukraine,19397.02
2010,Uruguay,83.15
2010,Uzbekistan,306.9
2010,Vanuatu,1953.31
2010,Venezuela,1595.43
2010,Viet Nam,65160.26
2010,Wallis and Futuna,2975.23
2010,West Bank and Gaza Strip,67495.45
2010,Yemen,926.94
2010,Zambia,28401.91
2010,Zimbabwe,21380.39
2011,Afghanistan,176702.6
2011,"Africa, regional",61872.32
2011,"Africa, Total",1621543.52
2011,Albania,11631.62
2011,Algeria,-45.47
2011,"America, regional",222.08
2011,"America, Total",9146.29
2011,Angola,5942.49
2011,Anguilla,78.14
2011,Antigua and Barbuda,214.97
2011,Argentina,58.94
2011,Armenia,11763.68
2011,"Asia, regional",30046.11
2011,"Asia, Total",985715.1
2011,Azerbaijan,170.25
2011,Bangladesh,37889.99
2011,Belarus,3345.43
2011,Belize,913.16
2011,Benin,20462.13
2011,Bhutan,211.7
2011,Bolivia,579.18
2011,Bosnia and Herzegovina,19715.56
2011,Botswana,141.42
2011,Brazil,1269.03
2011,Burkina Faso,3122.38
2011,Burundi,16783.44
2011,Cabo Verde,375.93
2011,Cambodia,722.65
2011,Cameroon,13425.05
2011,"Caribbean & Central America, regional",10158.41
2011,Central African Republic,129.01
2011,"Central Asia, regional",4861.58
2011,Chad,317.28
2011,Chile,5147.09
2011,China (People's Republic of),5311.27
2011,Colombia,2151.87
2011,Comoros,1873.4
2011,Congo,8223.06
2011,Cook Islands,530.5
2011,Costa Rica,55.44
2011,Côte d'Ivoire,2548.25
2011,Cuba,2591.42
2011,Democratic People's Republic of Korea,1342.66
2011,Democratic Republic of the Congo,130223.31
2011,"Developing Countries, Total",4207161.57
2011,"Developing countries, unspecified",16291.89
2011,Djibouti,170.07
2011,Dominica,1774.92
2011,Dominican Republic,257.08
2011,Ecuador,5377.48
2011,Egypt,-211.01
2011,El Salvador,240.53
2011,Equatorial Guinea,594.99
2011,Eritrea,73.98
2011,Eswatini,273.54
2011,Ethiopia,17204.33
2011,"Europe, regional",28420.62
2011,"Europe, Total",276574.04
2011,"Far East Asia, regional",303.21
2011,"Far East Asia, Total",6489.65
2011,Fiji,60.07
2011,Gabon,2134.58
2011,Gambia,74.19
2011,Georgia,571.51
2011,Ghana,55422.24
2011,Grenada,7.17
2011,Guatemala,10263.11
2011,Guinea,6105.09
2011,Guinea-Bissau,107.35
2011,Guyana,3330.26
2011,Haiti,40990.47
2011,Honduras,719.68
2011,India,109563.17
2011,Indonesia,1911.66
2011,Iran,3238.04
2011,Iraq,51882.85
2011,Jamaica,1622.41
2011,Jordan,25444.11
2011,Kazakhstan,5386.12
2011,Kenya,6939.15
2011,Kiribati,410.81
2011,Kosovo,18113.42
2011,Kyrgyzstan,692.85
2011,Lao People's Democratic Republic,326.52
2011,Lebanon,14352.37
2011,Lesotho,65.48
2011,Liberia,24791
2011,Libya,19412.67
2011,Madagascar,14944.67
2011,Malawi,487.65
2011,Malaysia,75.17
2011,Maldives,73.49
2011,Mali,28465.63
2011,Marshall Islands,2169.39
2011,Mauritania,661.35
2011,Mauritius,14.12
2011,Mexico,27967.07
2011,Micronesia,2948.62
2011,"Middle East, regional",74433.18
2011,"Middle East, Total",11593.52
2011,Moldova,15819.67
2011,Mongolia,11081.49
2011,Montenegro,4608.96
2011,Montserrat,1063.72
2011,Morocco,43876.23
2011,Mozambique,56790.65
2011,Myanmar,10612.43
2011,Namibia,7755.5
2011,Nauru,809.21
2011,Nepal,25055.84
2011,Nicaragua,15104.24
2011,Niger,21746.03
2011,Nigeria,495.43
2011,Niue,460.8
2011,"North & Central America, Total",4642.02
2011,North Macedonia,5902.72
2011,"North of Sahara, regional",190.42
2011,"North of Sahara, Total",121661.81
2011,"Oceania, regional",5142.25
2011,"Oceania, Total",669.93
2011,Pakistan,83359.85
2011,Palau,1615.2
2011,Panama,3073.2
2011,Papua New Guinea,8476.33
2011,Paraguay,140.02
2011,Peru,15367.18
2011,Philippines,251.87
2011,Rwanda,44007.33
2011,Saint Helena,33504.79
2011,Saint Kitts and Nevis,380.9
2011,Saint Lucia,1742.98
2011,Saint Vincent and the Grenadines,174.39
2011,Samoa,1306.64
2011,Sao Tome and Principe,41.15
2011,Senegal,34252.49
2011,Serbia,44279.26
2011,Seychelles,1493.34
2011,Sierra Leone,11979.58
2011,Solomon Islands,7320.17
2011,Somalia,1074.12
2011,"South & Central Asia, regional",307.6
2011,"South & Central Asia, Total",23420.4
2011,South Africa,38465.37
2011,"South America, regional",723.22
2011,"South America, Total",97888.32
2011,"South Asia, regional",3111.54
2011,"South of Sahara, regional",73988.98
2011,"South of Sahara, Total",1432314.11
2011,South Sudan,46.45
2011,Sri Lanka,17781.75
2011,States Ex-Yugoslavia unspecified,401.25
2011,Sudan,52223.62
2011,Suriname,2373.76
2011,Syrian Arab Republic,9908.76
2011,Tajikistan,9026.64
2011,Tanzania,1372.8
2011,Thailand,-253.98
2011,Timor-Leste,8123.24
2011,Togo,12895.48
2011,Tokelau,337.58
2011,Tonga,2032.78
2011,Tunisia,28650.35
2011,Turkey,107592.23
2011,Turkmenistan,71.14
2011,Tuvalu,775.23
2011,Uganda,48311.18
2011,Ukraine,22066.24
2011,Uruguay,46.72
2011,Uzbekistan,279.95
2011,Vanuatu,1502.12
2011,Venezuela,1458.08
2011,Viet Nam,78204.09
2011,Wallis and Futuna,2905.67
2011,West Bank and Gaza Strip,64327.49
2011,Yemen,415.39
2011,Zambia,30675.02
2011,Zimbabwe,20554.1
2012,Afghanistan,173861.42
2012,"Africa, regional",59753.87
2012,"Africa, Total",1641725.03
2012,Albania,11117.59
2012,Algeria,-51.7
2012,"America, regional",180.56
2012,"America, Total",9517.83
2012,Angola,7704.37
2012,Anguilla,1095.73
2012,Antigua and Barbuda,32.88
2012,Argentina,157.22
2012,Armenia,9459.13
2012,"Asia, regional",26414.87
2012,"Asia, Total",908745.83
2012,Azerbaijan,108.27
2012,Bangladesh,54941.26
2012,Belarus,3051.22
2012,Belize,1122.53
2012,Benin,16201
2012,Bhutan,294.81
2012,Bolivia,1028.77
2012,Bosnia and Herzegovina,17796.44
2012,Botswana,106.97
2012,Brazil,2108.6
2012,Burkina Faso,3616.14
2012,Burundi,15741.7
2012,Cabo Verde,359.73
2012,Cambodia,898.53
2012,Cameroon,14020.76
2012,"Caribbean & Central America, regional",14289.38
2012,Central African Republic,134.51
2012,"Central Asia, regional",5573.74
2012,Chad,276.36
2012,Chile,3856.16
2012,China (People's Republic of),14533.95
2012,Colombia,1684.47
2012,Comoros,3124.33
2012,Congo,5053.4
2012,Cook Islands,463.16
2012,Costa Rica,48.66
2012,Côte d'Ivoire,5607.41
2012,Cuba,2545.93
2012,Democratic People's Republic of Korea,1199.39
2012,Democratic Republic of the Congo,72353.69
2012,"Developing Countries, Total",4090723.15
2012,"Developing countries, unspecified",14754.33
2012,Djibouti,165.16
2012,Dominica,1967.11
2012,Dominican Republic,301.48
2012,Ecuador,4565.24
2012,Egypt,2441.37
2012,El Salvador,198.6
2012,Equatorial Guinea,443.43
2012,Eritrea,137.01
2012,Eswatini,192.77
2012,Ethiopia,15826.32
2012,"Europe, regional",23346.02
2012,"Europe, Total",254371.71
2012,"Far East Asia, regional",270.5
2012,"Far East Asia, Total",10451.43
2012,Fiji,99.43
2012,Gabon,2319.98
2012,Gambia,94.94
2012,Georgia,575.86
2012,Ghana,54004.79
2012,Grenada,20.99
2012,Guatemala,8747.56
2012,Guinea,17413.11
2012,Guinea-Bissau,51.14
2012,Guyana,3947.8
2012,Haiti,32475.12
2012,Honduras,734.77
2012,India,63778.98
2012,Indonesia,1562.08
2012,Iran,4542.95
2012,Iraq,35235.9
2012,Jamaica,1128.64
2012,Jordan,32533.72
2012,Kazakhstan,3805.3
2012,Kenya,8016.82
2012,Kiribati,311.35
2012,Kosovo,17138.59
2012,Kyrgyzstan,708.46
2012,Lao People's Democratic Republic,345.56
2012,Lebanon,22367.24
2012,Lesotho,163.26
2012,Liberia,17738.34
2012,Libya,2482.31
2012,Madagascar,12871.94
2012,Malawi,835.9
2012,Malaysia,47.46
2012,Maldives,92.62
2012,Mali,22340.86
2012,Marshall Islands,2119.95
2012,Mauritania,750.07
2012,Mauritius,-0.57
2012,Mexico,12257.8
2012,Micronesia,3281.96
2012,"Middle East, regional",20080.41
2012,"Middle East, Total",13650.25
2012,Moldova,16649.14
2012,Mongolia,13365.22
2012,Montenegro,3635.71
2012,Montserrat,895.19
2012,Morocco,46917.17
2012,Mozambique,61612.6
2012,Myanmar,13943.45
2012,Namibia,6894.39
2012,Nauru,726.09
2012,Nepal,24935.52
2012,Nicaragua,16659.25
2012,Niger,29712.43
2012,Nigeria,602.88
2012,Niue,419.85
2012,"North & Central America, Total",4088.27
2012,North Macedonia,4608.66
2012,"North of Sahara, regional",136.62
2012,"North of Sahara, Total",144033.54
2012,"Oceania, regional",3896.81
2012,"Oceania, Total",829.36
2012,Pakistan,44864.46
2012,Palau,356.61
2012,Panama,1538
2012,Papua New Guinea,9002.93
2012,Paraguay,253.35
2012,Peru,10265.53
2012,Philippines,449.07
2012,Rwanda,28986.18
2012,Saint Helena,67001.08
2012,Saint Kitts and Nevis,512.24
2012,Saint Lucia,1267.53
2012,Saint Vincent and the Grenadines,88.54
2012,Samoa,1747.59
2012,Sao Tome and Principe,25.99
2012,Senegal,35093.93
2012,Serbia,35245.04
2012,Seychelles,2247.45
2012,Sierra Leone,12377.43
2012,Solomon Islands,6618.69
2012,Somalia,1123.54
2012,"South & Central Asia, regional",566.73
2012,"South & Central Asia, Total",20952.79
2012,South Africa,29408.11
2012,"South America, regional",993.42
2012,"South America, Total",109728.52
2012,"South Asia, regional",3905.56
2012,"South of Sahara, regional",84514.33
2012,"South of Sahara, Total",1417887.8
2012,South Sudan,271.39
2012,Sri Lanka,15248.65
2012,States Ex-Yugoslavia unspecified,105.8
2012,Sudan,41785.44
2012,Suriname,1409.28
2012,Syrian Arab Republic,40690.5
2012,Tajikistan,12157.19
2012,Tanzania,2062.08
2012,Thailand,-191.63
2012,Timor-Leste,8477.97
2012,Togo,4902.44
2012,Tokelau,310.39
2012,Tonga,1812.26
2012,Tunisia,32496.02
2012,Turkey,103794.5
2012,Turkmenistan,67.98
2012,Tuvalu,567.54
2012,Uganda,52337.38
2012,Ukraine,22498.08
2012,Uruguay,46.63
2012,Uzbekistan,581.9
2012,Vanuatu,1697.68
2012,Venezuela,1547.87
2012,Viet Nam,93065.5
2012,Wallis and Futuna,2782.01
2012,West Bank and Gaza Strip,51576.84
2012,Yemen,898.1
2012,Zambia,29504.59
2012,Zimbabwe,28761.83
2013,Afghanistan,136854.06
2013,"Africa, regional",59561.43
2013,"Africa, Total",1801431.3
2013,Albania,8340.39
2013,Algeria,11.57
2013,"America, regional",221.62
2013,"America, Total",9823.25
2013,Angola,9355.68
2013,Anguilla,1647.4
2013,Antigua and Barbuda,28.67
2013,Argentina,15.7
2013,Armenia,9612.52
2013,"Asia, regional",32814.44
2013,"Asia, Total",1148995.09
2013,Azerbaijan,191.11
2013,Bangladesh,64868.93
2013,Belarus,3101.38
2013,Belize,2116.37
2013,Benin,24369.27
2013,Bhutan,230.69
2013,Bolivia,1296.29
2013,Bosnia and Herzegovina,16325.18
2013,Botswana,128.5
2013,Brazil,1289.74
2013,Burkina Faso,3221.3
2013,Burundi,16973.9
2013,Cabo Verde,364.42
2013,Cambodia,741.43
2013,Cameroon,17298.7
2013,"Caribbean & Central America, regional",11427.19
2013,Central African Republic,125.5
2013,"Central Asia, regional",6648.88
2013,Chad,261.17
2013,Chile,2502.49
2013,China (People's Republic of),51.31
2013,Colombia,1839.03
2013,Comoros,2828.21
2013,Congo,4898.02
2013,Cook Islands,543.15
2013,Costa Rica,66.2
2013,Côte d'Ivoire,1695.67
2013,Cuba,2922.72
2013,Democratic People's Republic of Korea,1198.18
2013,Democratic Republic of the Congo,68410.17
2013,"Developing Countries, Total",4556979.7
2013,"Developing countries, unspecified",14731.57
2013,Djibouti,121.95
2013,Dominica,1492.89
2013,Dominican Republic,270.16
2013,Ecuador,4692.83
2013,Egypt,14233.92
2013,El Salvador,132.05
2013,Equatorial Guinea,191.05
2013,Eritrea,20.84
2013,Eswatini,250.95
2013,Ethiopia,19301.23
2013,"Europe, regional",26853.1
2013,"Europe, Total",202855.06
2013,"Far East Asia, regional",316.13
2013,"Far East Asia, Total",9882.94
2013,Fiji,95.23
2013,Gabon,2734.8
2013,Gambia,40.4
2013,Georgia,481.34
2013,Ghana,42767.24
2013,Grenada,41.21
2013,Guatemala,16336.41
2013,Guinea,11390.95
2013,Guinea-Bissau,42.81
2013,Guyana,3571.48
2013,Haiti,28759.58
2013,Honduras,749.14
2013,India,90021.34
2013,Indonesia,1484.69
2013,Iran,3920.04
2013,Iraq,43075.44
2013,Jamaica,2500.2
2013,Jordan,38069.86
2013,Kazakhstan,2651.25
2013,Kenya,9877.67
2013,Kiribati,305.14
2013,Kosovo,17264.33
2013,Kyrgyzstan,773.76
2013,Lao People's Democratic Republic,376.43
2013,Lebanon,19491.72
2013,Lesotho,99.75
2013,Liberia,16957.9
2013,Libya,3823.74
2013,Madagascar,18173.23
2013,Malawi,894.78
2013,Malaysia,-94.15
2013,Maldives,20.55
2013,Mali,33454.61
2013,Marshall Islands,2385.69
2013,Mauritania,513.04
2013,Mauritius,-0.58
2013,Mexico,17510.65
2013,Micronesia,3270.61
2013,"Middle East, regional",104539.48
2013,"Middle East, Total",19239.39
2013,Moldova,10895.58
2013,Mongolia,12788.43
2013,Montenegro,4166.34
2013,Montserrat,1201.21
2013,Morocco,62393.11
2013,Mozambique,71337.62
2013,Myanmar,95606.12
2013,Namibia,6991.48
2013,Nauru,624.78
2013,Nepal,29744.18
2013,Nicaragua,15882.26
2013,Niger,26820.39
2013,Nigeria,797.73
2013,Niue,381.67
2013,"North & Central America, Total",4782.12
2013,North Macedonia,6259.02
2013,"North of Sahara, regional",72.51
2013,"North of Sahara, Total",244354.37
2013,"Oceania, regional",4081.7
2013,"Oceania, Total",931.84
2013,Pakistan,48998.37
2013,Palau,1581.01
2013,Panama,354.13
2013,Papua New Guinea,8950.55
2013,Paraguay,345.47
2013,Peru,9232.52
2013,Philippines,661.66
2013,Rwanda,34739.56
2013,Saint Helena,55335.71
2013,Saint Kitts and Nevis,742
2013,Saint Lucia,1536.7
2013,Saint Vincent and the Grenadines,93.12
2013,Samoa,1556.29
2013,Sao Tome and Principe,40.07
2013,Senegal,32186.25
2013,Serbia,25444.31
2013,Seychelles,1773.62
2013,Sierra Leone,12534.79
2013,Solomon Islands,6220.53
2013,Somalia,1221.34
2013,"South & Central Asia, regional",347.9
2013,"South & Central Asia, Total",31526.76
2013,South Africa,35305.75
2013,"South America, regional",772.74
2013,"South America, Total",99395.4
2013,"South Asia, regional",2025.98
2013,"South of Sahara, regional",68356.33
2013,"South of Sahara, Total",1485896.54
2013,South Sudan,495.18
2013,Sri Lanka,12863.68
2013,States Ex-Yugoslavia unspecified,110.13
2013,Sudan,47401.34
2013,Suriname,1058.75
2013,Syrian Arab Republic,93443.23
2013,Tajikistan,11818.37
2013,Tanzania,2643.36
2013,Thailand,-23.88
2013,Timor-Leste,7535.61
2013,Togo,4845.26
2013,Tokelau,391.75
2013,Tonga,2031.66
2013,Tunisia,23813.93
2013,Turkey,75737.26
2013,Turkmenistan,65.5
2013,Tuvalu,561.46
2013,Uganda,57115.11
2013,Ukraine,23150.53
2013,Uruguay,69.69
2013,Uzbekistan,655.6
2013,Vanuatu,1535.22
2013,Venezuela,1149.46
2013,Viet Nam,95164.15
2013,Wallis and Futuna,2450.41
2013,West Bank and Gaza Strip,67920.29
2013,Yemen,1015.11
2013,Zambia,34784.3
2013,Zimbabwe,23948.23
2014,Afghanistan,130662.97
2014,"Africa, regional",75516.4
2014,"Africa, Total",1724299.07
2014,Albania,8533.8
2014,Algeria,-29.76
2014,"America, regional",211.54
2014,"America, Total",9039.39
2014,Angola,7730.02
2014,Anguilla,0
2014,Antigua and Barbuda,36.56
2014,Argentina,30.2
2014,Armenia,8582.77
2014,Aruba,0
2014,"Asia, regional",70091.08
2014,"Asia, Total",1296806.42
2014,Azerbaijan,178.77
2014,Bahrain,0
2014,Bangladesh,61733.16
2014,Barbados,0
2014,Belarus,3475.19
2014,Belize,1486.38
2014,Benin,21442.47
2014,Bermuda,0
2014,Bhutan,240.58
2014,Bolivia,1069.87
2014,Bosnia and Herzegovina,20016.4
2014,Botswana,108.11
2014,Brazil,1488.8
2014,British Virgin Islands,0
2014,Brunei Darussalam,0
2014,Burkina Faso,3632.24
2014,Burundi,15418.64
2014,Cabo Verde,415.91
2014,Cambodia,819.04
2014,Cameroon,19619.26
2014,"Caribbean & Central America, regional",11210.31
2014,Cayman Islands,0
2014,Central African Republic,294.17
2014,"Central Asia, regional",6241.48
2014,Chad,244.62
2014,Chile,7348
2014,China (People's Republic of),-7178.63
2014,Chinese Taipei,0
2014,Colombia,2422.57
2014,Comoros,2559.56
2014,Congo,3519.45
2014,Cook Islands,303.51
2014,Costa Rica,102.98
2014,Côte d'Ivoire,1452.93
2014,Croatia,0
2014,Cuba,5895.42
2014,Cyprus,0
2014,Democratic People's Republic of Korea,1568.38
2014,Democratic Republic of the Congo,63972.74
2014,"Developing Countries, Total",4869271.93
2014,"Developing countries, unspecified",16552.2
2014,Djibouti,131.95
2014,Dominica,1185.09
2014,Dominican Republic,243.8
2014,East African Community,0
2014,Ecuador,5073.3
2014,Egypt,5718.66
2014,El Salvador,70.54
2014,Equatorial Guinea,106.29
2014,Eritrea,18.97
2014,Eswatini,184.76
2014,Ethiopia,17529.97
2014,"Europe, regional",26129.63
2014,"Europe, Total",264898.45
2014,"Far East Asia, regional",268.51
2014,"Far East Asia, Total",11145.99
2014,Fiji,90.14
2014,French Polynesia,0
2014,Gabon,3428.88
2014,Gambia,47
2014,Georgia,440.3
2014,Ghana,36590.11
2014,Gibraltar,0
2014,Grenada,69.26
2014,Guatemala,7906.57
2014,Guinea,12992.64
2014,Guinea-Bissau,82.54
2014,Guyana,4837.41
2014,Haiti,26418.73
2014,Honduras,725.55
2014,Hong Kong (China),0
2014,India,108338.73
2014,Indonesia,751.48
2014,Indus Basin,0
2014,Iran,2691.84
2014,Iraq,39697.86
2014,Israel,0
2014,Jamaica,2902.64
2014,Jordan,66884.82
2014,Kazakhstan,2610
2014,Kenya,8463.48
2014,Kiribati,272.11
2014,Korea,0
2014,Kosovo,17872.6
2014,Kuwait,0
2014,Kyrgyzstan,917.74
2014,Lao People's Democratic Republic,388.59
2014,Lebanon,24677.45
2014,Lesotho,50.92
2014,Liberia,24657.42
2014,Libya,6009.3
2014,Macau (China),0
2014,Madagascar,21386.66
2014,Malawi,855.23
2014,Malaysia,16.1
2014,Maldives,22.57
2014,Mali,29611.03
2014,Malta,0
2014,Marshall Islands,1419.35
2014,Mauritania,427.37
2014,Mauritius,-10.8
2014,Mayotte,0
2014,Mexico,24208.76
2014,Micronesia,2638.7
2014,"Middle East, regional",198313.72
2014,"Middle East, Total",21537.86
2014,Moldova,15581.45
2014,Mongolia,9908.52
2014,Montenegro,3727.05
2014,Montserrat,1041.62
2014,Morocco,69892.43
2014,Mozambique,65239.94
2014,Myanmar,36747.29
2014,Namibia,6126.05
2014,Nauru,460.78
2014,Nepal,28962.98
2014,Netherlands Antilles,0
2014,New Caledonia,0
2014,Nicaragua,14104.29
2014,Niger,29974.22
2014,Nigeria,769.76
2014,Niue,282.08
2014,"North & Central America, Total",4446.61
2014,North Macedonia,6765.01
2014,"North of Sahara, regional",88.15
2014,"North of Sahara, Total",202618.79
2014,Northern Mariana Islands,0
2014,"Oceania, regional",3623.07
2014,"Oceania, Total",746.37
2014,Oman,0
2014,Pakistan,87426.69
2014,Palau,1247.37
2014,Panama,-4074.34
2014,Papua New Guinea,8202.68
2014,Paraguay,201.3
2014,Peru,8778.48
2014,Philippines,1151.94
2014,Qatar,0
2014,Rwanda,36556.12
2014,Saint Helena,52241.85
2014,Saint Kitts and Nevis,0
2014,Saint Lucia,1063.54
2014,Saint Vincent and the Grenadines,94.74
2014,Samoa,1458.7
2014,Sao Tome and Principe,36.9
2014,Saudi Arabia,0
2014,Senegal,35190.5
2014,Serbia,12455.33
2014,Seychelles,868.56
2014,Sierra Leone,25483.93
2014,Singapore,0
2014,Slovenia,0
2014,Solomon Islands,4435.83
2014,Somalia,1198.95
2014,"South & Central Asia, regional",120.94
2014,"South & Central Asia, Total",23574.35
2014,South Africa,30272.79
2014,"South America, regional",765.64
2014,"South America, Total",110690.48
2014,"South Asia, regional",2463.68
2014,"South of Sahara, regional",94470.68
2014,"South of Sahara, Total",1432809.74
2014,South Sudan,551.46
2014,Sri Lanka,14812.63
2014,States Ex-Yugoslavia unspecified,231.8
2014,Sudan,27759.01
2014,Suriname,422.98
2014,Syrian Arab Republic,104659.85
2014,Tajikistan,10226.62
2014,Tanzania,2126.39
2014,Thailand,353.27
2014,Timor-Leste,7434.1
2014,Togo,4880.59
2014,Tokelau,303.05
2014,Tonga,1885.69
2014,Trinidad and Tobago,0
2014,Tunisia,27897.41
2014,Turkey,114391.45
2014,Turkmenistan,63.37
2014,Turks and Caicos Islands,0
2014,Tuvalu,678.5
2014,Uganda,50047.26
2014,Ukraine,39682.27
2014,United Arab Emirates,0
2014,Uruguay,136.07
2014,Uzbekistan,803.14
2014,Vanuatu,1689.2
2014,Venezuela,1291.91
2014,Viet Nam,98835.55
2014,Wallis and Futuna,2336.71
2014,West Bank and Gaza Strip,64746.71
2014,Yemen,1680.68
2014,Zambia,30138.21
2014,Zimbabwe,21698.82
2015,Afghanistan,115470.85
2015,"Africa, regional",68650.94
2015,"Africa, Total",1726900.58
2015,Albania,10407.02
2015,Algeria,-28.44
2015,"America, regional",181.21
2015,"America, Total",10257.46
2015,Angola,12585.05
2015,Antigua and Barbuda,23.65
2015,Argentina,8.23
2015,Armenia,11651.42
2015,"Asia, regional",36017.66
2015,"Asia, Total",1122505.42
2015,Azerbaijan,75.85
2015,Bangladesh,64943.09
2015,Belarus,3272.7
2015,Belize,1231.4
2015,Benin,16824.09
2015,Bhutan,175.32
2015,Bolivia,2262.56
2015,Bosnia and Herzegovina,12729.32
2015,Botswana,73.37
2015,Brazil,1402.28
2015,Burkina Faso,3699.77
2015,Burundi,12114.3
2015,Cabo Verde,314.21
2015,Cambodia,625.33
2015,Cameroon,15791.9
2015,"Caribbean & Central America, regional",10589.26
2015,Central African Republic,264.41
2015,"Central Asia, regional",4218.24
2015,Chad,1117.74
2015,Chile,1903.9
2015,China (People's Republic of),5771.54
2015,Colombia,2817.65
2015,Comoros,2378.03
2015,Congo,3291.25
2015,Cook Islands,343.42
2015,Costa Rica,167.69
2015,Côte d'Ivoire,1219.83
2015,Cuba,14795.23
2015,Democratic People's Republic of Korea,1404.23
2015,Democratic Republic of the Congo,75743.22
2015,"Developing Countries, Total",4744163.41
2015,"Developing countries, unspecified",20979.26
2015,Djibouti,152.34
2015,Dominica,1150.86
2015,Dominican Republic,184.48
2015,Ecuador,11114.69
2015,Egypt,7457.87
2015,El Salvador,64.23
2015,Equatorial Guinea,261.72
2015,Eritrea,49.97
2015,Eswatini,196.23
2015,Ethiopia,16747.13
2015,"Europe, regional",31318.31
2015,"Europe, Total",227859.37
2015,"Far East Asia, regional",285.53
2015,"Far East Asia, Total",8425.69
2015,Fiji,85.3
2015,Gabon,3251.83
2015,Gambia,48.75
2015,Georgia,437.02
2015,Ghana,59299.12
2015,Grenada,66.12
2015,Guatemala,13913.41
2015,Guinea,13472.32
2015,Guinea-Bissau,69.42
2015,Guyana,1430.35
2015,Haiti,26466.79
2015,Honduras,739.58
2015,India,119960.35
2015,Indonesia,990.37
2015,Iran,3635.32
2015,Iraq,44032.43
2015,Jamaica,1951.19
2015,Jordan,59479.38
2015,Kazakhstan,2805.37
2015,Kenya,8471.98
2015,Kiribati,230.66
2015,Kosovo,14608.2
2015,Kyrgyzstan,1372.74
2015,Lao People's Democratic Republic,431.45
2015,Lebanon,30914.14
2015,Lesotho,49.73
2015,Liberia,39615.5
2015,Libya,4812.66
2015,Madagascar,25847.55
2015,Malawi,972.83
2015,Malaysia,17.55
2015,Maldives,22.43
2015,Mali,29115.64
2015,Marshall Islands,1465.46
2015,Mauritania,569.36
2015,Mauritius,2.92
2015,Mexico,9661.75
2015,Micronesia,1817.31
2015,"Middle East, regional",21729.73
2015,"Middle East, Total",21611.42
2015,Moldova,10390.39
2015,Mongolia,7845.69
2015,Montenegro,3986.61
2015,Montserrat,1553.83
2015,Morocco,54218.69
2015,Mozambique,62816.94
2015,Myanmar,33257.46
2015,Namibia,4145.43
2015,Nauru,766.31
2015,Nepal,45355.71
2015,Netherlands Antilles,0
2015,Nicaragua,16044.55
2015,Niger,29533.18
2015,Nigeria,774.76
2015,Niue,460.49
2015,"North & Central America, Total",4631.65
2015,North Macedonia,7348.13
2015,"North of Sahara, regional",81.7
2015,"North of Sahara, Total",167990.47
2015,"Oceania, regional",3756.46
2015,"Oceania, Total",850.03
2015,Pakistan,91516.45
2015,Palau,441.96
2015,Panama,386.47
2015,Papua New Guinea,8990.26
2015,Paraguay,157.85
2015,Peru,9272.58
2015,Philippines,837.68
2015,Rwanda,40289.64
2015,Saint Helena,32802.51
2015,Saint Lucia,852.97
2015,Saint Vincent and the Grenadines,108.04
2015,Samoa,1423.02
2015,Sao Tome and Principe,31.02
2015,Senegal,30764.57
2015,Serbia,12517.16
2015,Seychelles,489.8
2015,Sierra Leone,27375.81
2015,Solomon Islands,4477.53
2015,Somalia,1613.44
2015,"South & Central Asia, regional",196.37
2015,"South & Central Asia, Total",24860.32
2015,South Africa,42184.62
2015,"South America, regional",711.22
2015,"South America, Total",120990.04
2015,"South Asia, regional",3178.78
2015,"South of Sahara, regional",72789.26
2015,"South of Sahara, Total",1473273.46
2015,South Sudan,519.41
2015,Sri Lanka,13398.83
2015,States Ex-Yugoslavia unspecified,171.42
2015,Sudan,30289.18
2015,Suriname,588.61
2015,Syrian Arab Republic,129071.5
2015,Tajikistan,12862.05
2015,Tanzania,2213.71
2015,Thailand,42.06
2015,Timor-Leste,6763.8
2015,Togo,4755.59
2015,Tokelau,154.76
2015,Tonga,1736.9
2015,Tunisia,18252.25
2015,Turkey,79866.31
2015,Turkmenistan,45.38
2015,Tuvalu,1079.16
2015,Uganda,54002.75
2015,Ukraine,44363.64
2015,Uruguay,48.82
2015,Uzbekistan,990.49
2015,Vanuatu,3508.3
2015,Venezuela,1241.32
2015,Viet Nam,78970.09
2015,Wallis and Futuna,2648.62
2015,West Bank and Gaza Strip,52627.37
2015,Yemen,490.95
2015,Zambia,25994.92
2015,Zimbabwe,23926.2
